timestamp,gpu_id,gpu_util,memory_used_mb,memory_total_mb,power_watt,temperature_c,run_id,serving_mode,workload_name,arrival_rate,concurrency,collector_backend
2026-06-21T17:27:46.960589+00:00,0,0.0,42776.0,49140.0,95.721,59,formal-mixed_50p50d-colocated_4replica-r8-rep1,colocated_4replica,mixed_50p50d,8.0,64,pynvml
2026-06-21T17:27:46.960589+00:00,1,0.0,42776.0,49140.0,98.831,67,formal-mixed_50p50d-colocated_4replica-r8-rep1,colocated_4replica,mixed_50p50d,8.0,64,pynvml
2026-06-21T17:27:46.960589+00:00,2,0.0,42776.0,49140.0,93.454,59,formal-mixed_50p50d-colocated_4replica-r8-rep1,colocated_4replica,mixed_50p50d,8.0,64,pynvml
2026-06-21T17:27:46.960589+00:00,3,0.0,42776.0,49140.0,158.424,67,formal-mixed_50p50d-colocated_4replica-r8-rep1,colocated_4replica,mixed_50p50d,8.0,64,pynvml
2026-06-21T17:27:47.465554+00:00,0,0.0,42776.0,49140.0,90.124,58,formal-mixed_50p50d-colocated_4replica-r8-rep1,colocated_4replica,mixed_50p50d,8.0,64,pynvml
2026-06-21T17:27:47.465554+00:00,1,0.0,42776.0,49140.0,97.466,67,formal-mixed_50p50d-colocated_4replica-r8-rep1,colocated_4replica,mixed_50p50d,8.0,64,pynvml
2026-06-21T17:27:47.465554+00:00,2,0.0,42776.0,49140.0,87.414,59,formal-mixed_50p50d-colocated_4replica-r8-rep1,colocated_4replica,mixed_50p50d,8.0,64,pynvml
2026-06-21T17:27:47.465554+00:00,3,0.0,42776.0,49140.0,99.822,67,formal-mixed_50p50d-colocated_4replica-r8-rep1,colocated_4replica,mixed_50p50d,8.0,64,pynvml
2026-06-21T17:27:47.969448+00:00,0,0.0,42776.0,49140.0,90.118,58,formal-mixed_50p50d-colocated_4replica-r8-rep1,colocated_4replica,mixed_50p50d,8.0,64,pynvml
2026-06-21T17:27:47.969448+00:00,1,0.0,42776.0,49140.0,97.466,67,formal-mixed_50p50d-colocated_4replica-r8-rep1,colocated_4replica,mixed_50p50d,8.0,64,pynvml
2026-06-21T17:27:47.969448+00:00,2,0.0,42776.0,49140.0,87.414,59,formal-mixed_50p50d-colocated_4replica-r8-rep1,colocated_4replica,mixed_50p50d,8.0,64,pynvml
2026-06-21T17:27:47.969448+00:00,3,0.0,42776.0,49140.0,99.709,67,formal-mixed_50p50d-colocated_4replica-r8-rep1,colocated_4replica,mixed_50p50d,8.0,64,pynvml
2026-06-21T17:27:48.473251+00:00,0,0.0,42776.0,49140.0,90.132,58,formal-mixed_50p50d-colocated_4replica-r8-rep1,colocated_4replica,mixed_50p50d,8.0,64,pynvml
2026-06-21T17:27:48.473251+00:00,1,0.0,42776.0,49140.0,89.304,66,formal-mixed_50p50d-colocated_4replica-r8-rep1,colocated_4replica,mixed_50p50d,8.0,64,pynvml
2026-06-21T17:27:48.473251+00:00,2,0.0,42776.0,49140.0,81.225,58,formal-mixed_50p50d-colocated_4replica-r8-rep1,colocated_4replica,mixed_50p50d,8.0,64,pynvml
2026-06-21T17:27:48.473251+00:00,3,0.0,42776.0,49140.0,95.405,66,formal-mixed_50p50d-colocated_4replica-r8-rep1,colocated_4replica,mixed_50p50d,8.0,64,pynvml
2026-06-21T17:27:48.976395+00:00,0,0.0,42776.0,49140.0,90.135,58,formal-mixed_50p50d-colocated_4replica-r8-rep1,colocated_4replica,mixed_50p50d,8.0,64,pynvml
2026-06-21T17:27:48.976395+00:00,1,0.0,42776.0,49140.0,89.304,66,formal-mixed_50p50d-colocated_4replica-r8-rep1,colocated_4replica,mixed_50p50d,8.0,64,pynvml
2026-06-21T17:27:48.976395+00:00,2,0.0,42776.0,49140.0,81.225,58,formal-mixed_50p50d-colocated_4replica-r8-rep1,colocated_4replica,mixed_50p50d,8.0,64,pynvml
2026-06-21T17:27:48.976395+00:00,3,0.0,42776.0,49140.0,95.405,66,formal-mixed_50p50d-colocated_4replica-r8-rep1,colocated_4replica,mixed_50p50d,8.0,64,pynvml
2026-06-21T17:27:49.479824+00:00,0,0.0,42776.0,49140.0,90.135,58,formal-mixed_50p50d-colocated_4replica-r8-rep1,colocated_4replica,mixed_50p50d,8.0,64,pynvml
2026-06-21T17:27:49.479824+00:00,1,0.0,42776.0,49140.0,88.989,66,formal-mixed_50p50d-colocated_4replica-r8-rep1,colocated_4replica,mixed_50p50d,8.0,64,pynvml
2026-06-21T17:27:49.479824+00:00,2,0.0,42776.0,49140.0,80.616,58,formal-mixed_50p50d-colocated_4replica-r8-rep1,colocated_4replica,mixed_50p50d,8.0,64,pynvml
2026-06-21T17:27:49.479824+00:00,3,0.0,42776.0,49140.0,93.016,66,formal-mixed_50p50d-colocated_4replica-r8-rep1,colocated_4replica,mixed_50p50d,8.0,64,pynvml
2026-06-21T17:27:49.983900+00:00,0,0.0,42776.0,49140.0,89.815,57,formal-mixed_50p50d-colocated_4replica-r8-rep1,colocated_4replica,mixed_50p50d,8.0,64,pynvml
2026-06-21T17:27:49.983900+00:00,1,0.0,42776.0,49140.0,88.989,66,formal-mixed_50p50d-colocated_4replica-r8-rep1,colocated_4replica,mixed_50p50d,8.0,64,pynvml
2026-06-21T17:27:49.983900+00:00,2,0.0,42776.0,49140.0,80.616,58,formal-mixed_50p50d-colocated_4replica-r8-rep1,colocated_4replica,mixed_50p50d,8.0,64,pynvml
2026-06-21T17:27:49.983900+00:00,3,0.0,42776.0,49140.0,93.016,65,formal-mixed_50p50d-colocated_4replica-r8-rep1,colocated_4replica,mixed_50p50d,8.0,64,pynvml
2026-06-21T17:27:50.487694+00:00,0,0.0,42776.0,49140.0,89.815,57,formal-mixed_50p50d-colocated_4replica-r8-rep1,colocated_4replica,mixed_50p50d,8.0,64,pynvml
2026-06-21T17:27:50.487694+00:00,1,0.0,42776.0,49140.0,88.556,65,formal-mixed_50p50d-colocated_4replica-r8-rep1,colocated_4replica,mixed_50p50d,8.0,64,pynvml
2026-06-21T17:27:50.487694+00:00,2,0.0,42776.0,49140.0,79.898,57,formal-mixed_50p50d-colocated_4replica-r8-rep1,colocated_4replica,mixed_50p50d,8.0,64,pynvml
2026-06-21T17:27:50.487694+00:00,3,0.0,42776.0,49140.0,90.292,65,formal-mixed_50p50d-colocated_4replica-r8-rep1,colocated_4replica,mixed_50p50d,8.0,64,pynvml
2026-06-21T17:27:50.990999+00:00,0,0.0,42776.0,49140.0,89.717,57,formal-mixed_50p50d-colocated_4replica-r8-rep1,colocated_4replica,mixed_50p50d,8.0,64,pynvml
2026-06-21T17:27:50.990999+00:00,1,0.0,42776.0,49140.0,88.556,65,formal-mixed_50p50d-colocated_4replica-r8-rep1,colocated_4replica,mixed_50p50d,8.0,64,pynvml
2026-06-21T17:27:50.990999+00:00,2,0.0,42776.0,49140.0,79.939,57,formal-mixed_50p50d-colocated_4replica-r8-rep1,colocated_4replica,mixed_50p50d,8.0,64,pynvml
2026-06-21T17:27:50.990999+00:00,3,0.0,42776.0,49140.0,90.292,65,formal-mixed_50p50d-colocated_4replica-r8-rep1,colocated_4replica,mixed_50p50d,8.0,64,pynvml
2026-06-21T17:27:51.494466+00:00,0,0.0,42776.0,49140.0,89.717,57,formal-mixed_50p50d-colocated_4replica-r8-rep1,colocated_4replica,mixed_50p50d,8.0,64,pynvml
2026-06-21T17:27:51.494466+00:00,1,0.0,42776.0,49140.0,88.157,65,formal-mixed_50p50d-colocated_4replica-r8-rep1,colocated_4replica,mixed_50p50d,8.0,64,pynvml
2026-06-21T17:27:51.494466+00:00,2,0.0,42776.0,49140.0,79.844,57,formal-mixed_50p50d-colocated_4replica-r8-rep1,colocated_4replica,mixed_50p50d,8.0,64,pynvml
2026-06-21T17:27:51.494466+00:00,3,0.0,42776.0,49140.0,89.224,65,formal-mixed_50p50d-colocated_4replica-r8-rep1,colocated_4replica,mixed_50p50d,8.0,64,pynvml
2026-06-21T17:27:51.997217+00:00,0,0.0,42776.0,49140.0,89.542,57,formal-mixed_50p50d-colocated_4replica-r8-rep1,colocated_4replica,mixed_50p50d,8.0,64,pynvml
2026-06-21T17:27:51.997217+00:00,1,0.0,42776.0,49140.0,88.157,65,formal-mixed_50p50d-colocated_4replica-r8-rep1,colocated_4replica,mixed_50p50d,8.0,64,pynvml
2026-06-21T17:27:51.997217+00:00,2,0.0,42776.0,49140.0,79.844,57,formal-mixed_50p50d-colocated_4replica-r8-rep1,colocated_4replica,mixed_50p50d,8.0,64,pynvml
2026-06-21T17:27:51.997217+00:00,3,0.0,42776.0,49140.0,89.224,64,formal-mixed_50p50d-colocated_4replica-r8-rep1,colocated_4replica,mixed_50p50d,8.0,64,pynvml
2026-06-21T17:27:52.500558+00:00,0,0.0,42776.0,49140.0,89.542,56,formal-mixed_50p50d-colocated_4replica-r8-rep1,colocated_4replica,mixed_50p50d,8.0,64,pynvml
2026-06-21T17:27:52.500558+00:00,1,0.0,42776.0,49140.0,87.81,65,formal-mixed_50p50d-colocated_4replica-r8-rep1,colocated_4replica,mixed_50p50d,8.0,64,pynvml
2026-06-21T17:27:52.500558+00:00,2,0.0,42776.0,49140.0,79.242,57,formal-mixed_50p50d-colocated_4replica-r8-rep1,colocated_4replica,mixed_50p50d,8.0,64,pynvml
2026-06-21T17:27:52.500558+00:00,3,0.0,42776.0,49140.0,88.424,64,formal-mixed_50p50d-colocated_4replica-r8-rep1,colocated_4replica,mixed_50p50d,8.0,64,pynvml
2026-06-21T17:27:53.003884+00:00,0,0.0,42776.0,49140.0,89.898,56,formal-mixed_50p50d-colocated_4replica-r8-rep1,colocated_4replica,mixed_50p50d,8.0,64,pynvml
2026-06-21T17:27:53.003884+00:00,1,0.0,42776.0,49140.0,87.81,65,formal-mixed_50p50d-colocated_4replica-r8-rep1,colocated_4replica,mixed_50p50d,8.0,64,pynvml
2026-06-21T17:27:53.003884+00:00,2,0.0,42776.0,49140.0,79.242,56,formal-mixed_50p50d-colocated_4replica-r8-rep1,colocated_4replica,mixed_50p50d,8.0,64,pynvml
2026-06-21T17:27:53.003884+00:00,3,0.0,42776.0,49140.0,88.424,64,formal-mixed_50p50d-colocated_4replica-r8-rep1,colocated_4replica,mixed_50p50d,8.0,64,pynvml
2026-06-21T17:27:53.507526+00:00,0,100.0,42776.0,49140.0,140.998,60,formal-mixed_50p50d-colocated_4replica-r8-rep1,colocated_4replica,mixed_50p50d,8.0,64,pynvml
2026-06-21T17:27:53.507526+00:00,1,0.0,42776.0,49140.0,87.454,64,formal-mixed_50p50d-colocated_4replica-r8-rep1,colocated_4replica,mixed_50p50d,8.0,64,pynvml
2026-06-21T17:27:53.507526+00:00,2,0.0,42776.0,49140.0,79.123,56,formal-mixed_50p50d-colocated_4replica-r8-rep1,colocated_4replica,mixed_50p50d,8.0,64,pynvml
2026-06-21T17:27:53.507526+00:00,3,0.0,42776.0,49140.0,87.647,64,formal-mixed_50p50d-colocated_4replica-r8-rep1,colocated_4replica,mixed_50p50d,8.0,64,pynvml
2026-06-21T17:27:54.011150+00:00,0,100.0,42776.0,49140.0,251.877,61,formal-mixed_50p50d-colocated_4replica-r8-rep1,colocated_4replica,mixed_50p50d,8.0,64,pynvml
2026-06-21T17:27:54.011150+00:00,1,0.0,42776.0,49140.0,87.436,64,formal-mixed_50p50d-colocated_4replica-r8-rep1,colocated_4replica,mixed_50p50d,8.0,64,pynvml
2026-06-21T17:27:54.011150+00:00,2,0.0,42776.0,49140.0,79.123,56,formal-mixed_50p50d-colocated_4replica-r8-rep1,colocated_4replica,mixed_50p50d,8.0,64,pynvml
2026-06-21T17:27:54.011150+00:00,3,0.0,42776.0,49140.0,87.244,64,formal-mixed_50p50d-colocated_4replica-r8-rep1,colocated_4replica,mixed_50p50d,8.0,64,pynvml
2026-06-21T17:27:54.514969+00:00,0,100.0,42776.0,49140.0,297.135,61,formal-mixed_50p50d-colocated_4replica-r8-rep1,colocated_4replica,mixed_50p50d,8.0,64,pynvml
2026-06-21T17:27:54.514969+00:00,1,0.0,42776.0,49140.0,87.459,64,formal-mixed_50p50d-colocated_4replica-r8-rep1,colocated_4replica,mixed_50p50d,8.0,64,pynvml
2026-06-21T17:27:54.514969+00:00,2,0.0,42776.0,49140.0,78.807,56,formal-mixed_50p50d-colocated_4replica-r8-rep1,colocated_4replica,mixed_50p50d,8.0,64,pynvml
2026-06-21T17:27:54.514969+00:00,3,0.0,42776.0,49140.0,87.177,63,formal-mixed_50p50d-colocated_4replica-r8-rep1,colocated_4replica,mixed_50p50d,8.0,64,pynvml
2026-06-21T17:27:55.018614+00:00,0,58.0,42776.0,49140.0,248.057,58,formal-mixed_50p50d-colocated_4replica-r8-rep1,colocated_4replica,mixed_50p50d,8.0,64,pynvml
2026-06-21T17:27:55.018614+00:00,1,59.0,42776.0,49140.0,126.589,68,formal-mixed_50p50d-colocated_4replica-r8-rep1,colocated_4replica,mixed_50p50d,8.0,64,pynvml
2026-06-21T17:27:55.018614+00:00,2,0.0,42776.0,49140.0,78.807,55,formal-mixed_50p50d-colocated_4replica-r8-rep1,colocated_4replica,mixed_50p50d,8.0,64,pynvml
2026-06-21T17:27:55.018614+00:00,3,0.0,42776.0,49140.0,86.984,63,formal-mixed_50p50d-colocated_4replica-r8-rep1,colocated_4replica,mixed_50p50d,8.0,64,pynvml
2026-06-21T17:27:55.522593+00:00,0,0.0,42776.0,49140.0,160.591,57,formal-mixed_50p50d-colocated_4replica-r8-rep1,colocated_4replica,mixed_50p50d,8.0,64,pynvml
2026-06-21T17:27:55.522593+00:00,1,100.0,42776.0,49140.0,212.173,69,formal-mixed_50p50d-colocated_4replica-r8-rep1,colocated_4replica,mixed_50p50d,8.0,64,pynvml
2026-06-21T17:27:55.522593+00:00,2,0.0,42776.0,49140.0,78.544,55,formal-mixed_50p50d-colocated_4replica-r8-rep1,colocated_4replica,mixed_50p50d,8.0,64,pynvml
2026-06-21T17:27:55.522593+00:00,3,0.0,42776.0,49140.0,86.984,63,formal-mixed_50p50d-colocated_4replica-r8-rep1,colocated_4replica,mixed_50p50d,8.0,64,pynvml
2026-06-21T17:27:56.026483+00:00,0,0.0,42776.0,49140.0,106.944,57,formal-mixed_50p50d-colocated_4replica-r8-rep1,colocated_4replica,mixed_50p50d,8.0,64,pynvml
2026-06-21T17:27:56.026483+00:00,1,100.0,42776.0,49140.0,298.121,69,formal-mixed_50p50d-colocated_4replica-r8-rep1,colocated_4replica,mixed_50p50d,8.0,64,pynvml
2026-06-21T17:27:56.026483+00:00,2,0.0,42776.0,49140.0,78.544,55,formal-mixed_50p50d-colocated_4replica-r8-rep1,colocated_4replica,mixed_50p50d,8.0,64,pynvml
2026-06-21T17:27:56.026483+00:00,3,0.0,42776.0,49140.0,86.567,63,formal-mixed_50p50d-colocated_4replica-r8-rep1,colocated_4replica,mixed_50p50d,8.0,64,pynvml
2026-06-21T17:27:56.529920+00:00,0,0.0,42776.0,49140.0,106.944,57,formal-mixed_50p50d-colocated_4replica-r8-rep1,colocated_4replica,mixed_50p50d,8.0,64,pynvml
2026-06-21T17:27:56.529920+00:00,1,100.0,42776.0,49140.0,299.221,69,formal-mixed_50p50d-colocated_4replica-r8-rep1,colocated_4replica,mixed_50p50d,8.0,64,pynvml
2026-06-21T17:27:56.529920+00:00,2,0.0,42776.0,49140.0,78.407,55,formal-mixed_50p50d-colocated_4replica-r8-rep1,colocated_4replica,mixed_50p50d,8.0,64,pynvml
2026-06-21T17:27:56.529920+00:00,3,0.0,42776.0,49140.0,86.567,63,formal-mixed_50p50d-colocated_4replica-r8-rep1,colocated_4replica,mixed_50p50d,8.0,64,pynvml
2026-06-21T17:27:57.032406+00:00,0,0.0,42776.0,49140.0,100.745,56,formal-mixed_50p50d-colocated_4replica-r8-rep1,colocated_4replica,mixed_50p50d,8.0,64,pynvml
2026-06-21T17:27:57.032406+00:00,1,100.0,42776.0,49140.0,298.609,69,formal-mixed_50p50d-colocated_4replica-r8-rep1,colocated_4replica,mixed_50p50d,8.0,64,pynvml
2026-06-21T17:27:57.032406+00:00,2,0.0,42776.0,49140.0,78.407,55,formal-mixed_50p50d-colocated_4replica-r8-rep1,colocated_4replica,mixed_50p50d,8.0,64,pynvml
2026-06-21T17:27:57.032406+00:00,3,0.0,42776.0,49140.0,86.316,63,formal-mixed_50p50d-colocated_4replica-r8-rep1,colocated_4replica,mixed_50p50d,8.0,64,pynvml
2026-06-21T17:27:57.536073+00:00,0,0.0,42776.0,49140.0,100.745,56,formal-mixed_50p50d-colocated_4replica-r8-rep1,colocated_4replica,mixed_50p50d,8.0,64,pynvml
2026-06-21T17:27:57.536073+00:00,1,100.0,42776.0,49140.0,298.742,69,formal-mixed_50p50d-colocated_4replica-r8-rep1,colocated_4replica,mixed_50p50d,8.0,64,pynvml
2026-06-21T17:27:57.536073+00:00,2,0.0,42776.0,49140.0,78.336,55,formal-mixed_50p50d-colocated_4replica-r8-rep1,colocated_4replica,mixed_50p50d,8.0,64,pynvml
2026-06-21T17:27:57.536073+00:00,3,0.0,42776.0,49140.0,86.316,62,formal-mixed_50p50d-colocated_4replica-r8-rep1,colocated_4replica,mixed_50p50d,8.0,64,pynvml
2026-06-21T17:27:58.039596+00:00,0,0.0,42776.0,49140.0,94.875,56,formal-mixed_50p50d-colocated_4replica-r8-rep1,colocated_4replica,mixed_50p50d,8.0,64,pynvml
2026-06-21T17:27:58.039596+00:00,1,100.0,42776.0,49140.0,298.527,69,formal-mixed_50p50d-colocated_4replica-r8-rep1,colocated_4replica,mixed_50p50d,8.0,64,pynvml
2026-06-21T17:27:58.039596+00:00,2,0.0,42776.0,49140.0,78.303,54,formal-mixed_50p50d-colocated_4replica-r8-rep1,colocated_4replica,mixed_50p50d,8.0,64,pynvml
2026-06-21T17:27:58.039596+00:00,3,0.0,42776.0,49140.0,85.83,62,formal-mixed_50p50d-colocated_4replica-r8-rep1,colocated_4replica,mixed_50p50d,8.0,64,pynvml
2026-06-21T17:27:58.543237+00:00,0,0.0,42776.0,49140.0,94.875,56,formal-mixed_50p50d-colocated_4replica-r8-rep1,colocated_4replica,mixed_50p50d,8.0,64,pynvml
2026-06-21T17:27:58.543237+00:00,1,100.0,42776.0,49140.0,298.823,70,formal-mixed_50p50d-colocated_4replica-r8-rep1,colocated_4replica,mixed_50p50d,8.0,64,pynvml
2026-06-21T17:27:58.543237+00:00,2,0.0,42776.0,49140.0,78.211,54,formal-mixed_50p50d-colocated_4replica-r8-rep1,colocated_4replica,mixed_50p50d,8.0,64,pynvml
2026-06-21T17:27:58.543237+00:00,3,0.0,42776.0,49140.0,85.83,62,formal-mixed_50p50d-colocated_4replica-r8-rep1,colocated_4replica,mixed_50p50d,8.0,64,pynvml
2026-06-21T17:27:59.046331+00:00,0,0.0,42776.0,49140.0,89.18,55,formal-mixed_50p50d-colocated_4replica-r8-rep1,colocated_4replica,mixed_50p50d,8.0,64,pynvml
2026-06-21T17:27:59.046331+00:00,1,100.0,42776.0,49140.0,298.571,70,formal-mixed_50p50d-colocated_4replica-r8-rep1,colocated_4replica,mixed_50p50d,8.0,64,pynvml
2026-06-21T17:27:59.046331+00:00,2,0.0,42776.0,49140.0,78.209,54,formal-mixed_50p50d-colocated_4replica-r8-rep1,colocated_4replica,mixed_50p50d,8.0,64,pynvml
2026-06-21T17:27:59.046331+00:00,3,0.0,42776.0,49140.0,85.496,62,formal-mixed_50p50d-colocated_4replica-r8-rep1,colocated_4replica,mixed_50p50d,8.0,64,pynvml
2026-06-21T17:27:59.549753+00:00,0,0.0,42776.0,49140.0,89.18,55,formal-mixed_50p50d-colocated_4replica-r8-rep1,colocated_4replica,mixed_50p50d,8.0,64,pynvml
2026-06-21T17:27:59.549753+00:00,1,100.0,42776.0,49140.0,298.726,70,formal-mixed_50p50d-colocated_4replica-r8-rep1,colocated_4replica,mixed_50p50d,8.0,64,pynvml
2026-06-21T17:27:59.549753+00:00,2,0.0,42776.0,49140.0,78.209,54,formal-mixed_50p50d-colocated_4replica-r8-rep1,colocated_4replica,mixed_50p50d,8.0,64,pynvml
2026-06-21T17:27:59.549753+00:00,3,0.0,42776.0,49140.0,85.496,62,formal-mixed_50p50d-colocated_4replica-r8-rep1,colocated_4replica,mixed_50p50d,8.0,64,pynvml
2026-06-21T17:28:00.061539+00:00,0,0.0,42776.0,49140.0,89.065,55,formal-mixed_50p50d-colocated_4replica-r8-rep1,colocated_4replica,mixed_50p50d,8.0,64,pynvml
2026-06-21T17:28:00.061539+00:00,1,100.0,42776.0,49140.0,298.623,70,formal-mixed_50p50d-colocated_4replica-r8-rep1,colocated_4replica,mixed_50p50d,8.0,64,pynvml
2026-06-21T17:28:00.061539+00:00,2,0.0,42776.0,49140.0,77.799,54,formal-mixed_50p50d-colocated_4replica-r8-rep1,colocated_4replica,mixed_50p50d,8.0,64,pynvml
2026-06-21T17:28:00.061539+00:00,3,0.0,42776.0,49140.0,85.38,62,formal-mixed_50p50d-colocated_4replica-r8-rep1,colocated_4replica,mixed_50p50d,8.0,64,pynvml
2026-06-21T17:28:00.565288+00:00,0,0.0,42776.0,49140.0,89.065,55,formal-mixed_50p50d-colocated_4replica-r8-rep1,colocated_4replica,mixed_50p50d,8.0,64,pynvml
2026-06-21T17:28:00.565288+00:00,1,100.0,42776.0,49140.0,299.564,70,formal-mixed_50p50d-colocated_4replica-r8-rep1,colocated_4replica,mixed_50p50d,8.0,64,pynvml
2026-06-21T17:28:00.565288+00:00,2,0.0,42776.0,49140.0,77.799,54,formal-mixed_50p50d-colocated_4replica-r8-rep1,colocated_4replica,mixed_50p50d,8.0,64,pynvml
2026-06-21T17:28:00.565288+00:00,3,0.0,42776.0,49140.0,85.38,61,formal-mixed_50p50d-colocated_4replica-r8-rep1,colocated_4replica,mixed_50p50d,8.0,64,pynvml
2026-06-21T17:28:01.068399+00:00,0,0.0,42776.0,49140.0,88.958,55,formal-mixed_50p50d-colocated_4replica-r8-rep1,colocated_4replica,mixed_50p50d,8.0,64,pynvml
2026-06-21T17:28:01.068399+00:00,1,0.0,42776.0,49140.0,220.986,66,formal-mixed_50p50d-colocated_4replica-r8-rep1,colocated_4replica,mixed_50p50d,8.0,64,pynvml
2026-06-21T17:28:01.068399+00:00,2,100.0,42776.0,49140.0,128.947,59,formal-mixed_50p50d-colocated_4replica-r8-rep1,colocated_4replica,mixed_50p50d,8.0,64,pynvml
2026-06-21T17:28:01.068399+00:00,3,0.0,42776.0,49140.0,84.738,61,formal-mixed_50p50d-colocated_4replica-r8-rep1,colocated_4replica,mixed_50p50d,8.0,64,pynvml
2026-06-21T17:28:01.573902+00:00,0,0.0,42776.0,49140.0,88.958,55,formal-mixed_50p50d-colocated_4replica-r8-rep1,colocated_4replica,mixed_50p50d,8.0,64,pynvml
2026-06-21T17:28:01.573902+00:00,1,0.0,42776.0,49140.0,131.076,66,formal-mixed_50p50d-colocated_4replica-r8-rep1,colocated_4replica,mixed_50p50d,8.0,64,pynvml
2026-06-21T17:28:01.573902+00:00,2,100.0,42776.0,49140.0,170.454,59,formal-mixed_50p50d-colocated_4replica-r8-rep1,colocated_4replica,mixed_50p50d,8.0,64,pynvml
2026-06-21T17:28:01.573902+00:00,3,0.0,42776.0,49140.0,84.762,61,formal-mixed_50p50d-colocated_4replica-r8-rep1,colocated_4replica,mixed_50p50d,8.0,64,pynvml
2026-06-21T17:28:02.077294+00:00,0,0.0,42776.0,49140.0,88.842,54,formal-mixed_50p50d-colocated_4replica-r8-rep1,colocated_4replica,mixed_50p50d,8.0,64,pynvml
2026-06-21T17:28:02.077294+00:00,1,0.0,42776.0,49140.0,131.076,66,formal-mixed_50p50d-colocated_4replica-r8-rep1,colocated_4replica,mixed_50p50d,8.0,64,pynvml
2026-06-21T17:28:02.077294+00:00,2,100.0,42776.0,49140.0,290.287,59,formal-mixed_50p50d-colocated_4replica-r8-rep1,colocated_4replica,mixed_50p50d,8.0,64,pynvml
2026-06-21T17:28:02.077294+00:00,3,0.0,42776.0,49140.0,84.673,61,formal-mixed_50p50d-colocated_4replica-r8-rep1,colocated_4replica,mixed_50p50d,8.0,64,pynvml
2026-06-21T17:28:02.581120+00:00,0,0.0,42776.0,49140.0,88.761,54,formal-mixed_50p50d-colocated_4replica-r8-rep1,colocated_4replica,mixed_50p50d,8.0,64,pynvml
2026-06-21T17:28:02.581120+00:00,1,0.0,42776.0,49140.0,98.769,65,formal-mixed_50p50d-colocated_4replica-r8-rep1,colocated_4replica,mixed_50p50d,8.0,64,pynvml
2026-06-21T17:28:02.581120+00:00,2,100.0,42776.0,49140.0,293.497,60,formal-mixed_50p50d-colocated_4replica-r8-rep1,colocated_4replica,mixed_50p50d,8.0,64,pynvml
2026-06-21T17:28:02.581120+00:00,3,0.0,42776.0,49140.0,84.673,61,formal-mixed_50p50d-colocated_4replica-r8-rep1,colocated_4replica,mixed_50p50d,8.0,64,pynvml
2026-06-21T17:28:03.084389+00:00,0,0.0,42776.0,49140.0,88.706,54,formal-mixed_50p50d-colocated_4replica-r8-rep1,colocated_4replica,mixed_50p50d,8.0,64,pynvml
2026-06-21T17:28:03.084389+00:00,1,0.0,42776.0,49140.0,98.769,65,formal-mixed_50p50d-colocated_4replica-r8-rep1,colocated_4replica,mixed_50p50d,8.0,64,pynvml
2026-06-21T17:28:03.084389+00:00,2,0.0,42776.0,49140.0,235.437,55,formal-mixed_50p50d-colocated_4replica-r8-rep1,colocated_4replica,mixed_50p50d,8.0,64,pynvml
2026-06-21T17:28:03.084389+00:00,3,85.0,42776.0,49140.0,135.454,65,formal-mixed_50p50d-colocated_4replica-r8-rep1,colocated_4replica,mixed_50p50d,8.0,64,pynvml
2026-06-21T17:28:03.589861+00:00,0,0.0,42776.0,49140.0,88.706,54,formal-mixed_50p50d-colocated_4replica-r8-rep1,colocated_4replica,mixed_50p50d,8.0,64,pynvml
2026-06-21T17:28:03.589861+00:00,1,0.0,42776.0,49140.0,93.375,65,formal-mixed_50p50d-colocated_4replica-r8-rep1,colocated_4replica,mixed_50p50d,8.0,64,pynvml
2026-06-21T17:28:03.589861+00:00,2,0.0,42776.0,49140.0,142.717,55,formal-mixed_50p50d-colocated_4replica-r8-rep1,colocated_4replica,mixed_50p50d,8.0,64,pynvml
2026-06-21T17:28:03.589861+00:00,3,100.0,42776.0,49140.0,180.269,66,formal-mixed_50p50d-colocated_4replica-r8-rep1,colocated_4replica,mixed_50p50d,8.0,64,pynvml
2026-06-21T17:28:04.093511+00:00,0,0.0,42776.0,49140.0,88.474,54,formal-mixed_50p50d-colocated_4replica-r8-rep1,colocated_4replica,mixed_50p50d,8.0,64,pynvml
2026-06-21T17:28:04.093511+00:00,1,0.0,42776.0,49140.0,93.375,64,formal-mixed_50p50d-colocated_4replica-r8-rep1,colocated_4replica,mixed_50p50d,8.0,64,pynvml
2026-06-21T17:28:04.093511+00:00,2,0.0,42776.0,49140.0,124.136,55,formal-mixed_50p50d-colocated_4replica-r8-rep1,colocated_4replica,mixed_50p50d,8.0,64,pynvml
2026-06-21T17:28:04.093511+00:00,3,100.0,42776.0,49140.0,295.849,66,formal-mixed_50p50d-colocated_4replica-r8-rep1,colocated_4replica,mixed_50p50d,8.0,64,pynvml
2026-06-21T17:28:04.596283+00:00,0,0.0,42776.0,49140.0,89.007,55,formal-mixed_50p50d-colocated_4replica-r8-rep1,colocated_4replica,mixed_50p50d,8.0,64,pynvml
2026-06-21T17:28:04.596283+00:00,1,0.0,42776.0,49140.0,87.763,64,formal-mixed_50p50d-colocated_4replica-r8-rep1,colocated_4replica,mixed_50p50d,8.0,64,pynvml
2026-06-21T17:28:04.596283+00:00,2,0.0,42776.0,49140.0,124.136,54,formal-mixed_50p50d-colocated_4replica-r8-rep1,colocated_4replica,mixed_50p50d,8.0,64,pynvml
2026-06-21T17:28:04.596283+00:00,3,90.0,42776.0,49140.0,295.884,64,formal-mixed_50p50d-colocated_4replica-r8-rep1,colocated_4replica,mixed_50p50d,8.0,64,pynvml
2026-06-21T17:28:05.099439+00:00,0,100.0,42776.0,49140.0,133.564,58,formal-mixed_50p50d-colocated_4replica-r8-rep1,colocated_4replica,mixed_50p50d,8.0,64,pynvml
2026-06-21T17:28:05.099439+00:00,1,0.0,42776.0,49140.0,87.763,64,formal-mixed_50p50d-colocated_4replica-r8-rep1,colocated_4replica,mixed_50p50d,8.0,64,pynvml
2026-06-21T17:28:05.099439+00:00,2,0.0,42776.0,49140.0,85.929,54,formal-mixed_50p50d-colocated_4replica-r8-rep1,colocated_4replica,mixed_50p50d,8.0,64,pynvml
2026-06-21T17:28:05.099439+00:00,3,0.0,42776.0,49140.0,202.608,62,formal-mixed_50p50d-colocated_4replica-r8-rep1,colocated_4replica,mixed_50p50d,8.0,64,pynvml
2026-06-21T17:28:05.603269+00:00,0,100.0,42776.0,49140.0,220.239,58,formal-mixed_50p50d-colocated_4replica-r8-rep1,colocated_4replica,mixed_50p50d,8.0,64,pynvml
2026-06-21T17:28:05.603269+00:00,1,0.0,42776.0,49140.0,87.292,64,formal-mixed_50p50d-colocated_4replica-r8-rep1,colocated_4replica,mixed_50p50d,8.0,64,pynvml
2026-06-21T17:28:05.603269+00:00,2,0.0,42776.0,49140.0,83.785,54,formal-mixed_50p50d-colocated_4replica-r8-rep1,colocated_4replica,mixed_50p50d,8.0,64,pynvml
2026-06-21T17:28:05.603269+00:00,3,0.0,42776.0,49140.0,130.406,62,formal-mixed_50p50d-colocated_4replica-r8-rep1,colocated_4replica,mixed_50p50d,8.0,64,pynvml
2026-06-21T17:28:06.106782+00:00,0,100.0,42776.0,49140.0,297.511,58,formal-mixed_50p50d-colocated_4replica-r8-rep1,colocated_4replica,mixed_50p50d,8.0,64,pynvml
2026-06-21T17:28:06.106782+00:00,1,0.0,42776.0,49140.0,87.292,64,formal-mixed_50p50d-colocated_4replica-r8-rep1,colocated_4replica,mixed_50p50d,8.0,64,pynvml
2026-06-21T17:28:06.106782+00:00,2,0.0,42776.0,49140.0,83.487,53,formal-mixed_50p50d-colocated_4replica-r8-rep1,colocated_4replica,mixed_50p50d,8.0,64,pynvml
2026-06-21T17:28:06.106782+00:00,3,0.0,42776.0,49140.0,130.406,61,formal-mixed_50p50d-colocated_4replica-r8-rep1,colocated_4replica,mixed_50p50d,8.0,64,pynvml
2026-06-21T17:28:06.737212+00:00,0,100.0,42776.0,49140.0,296.342,59,formal-mixed_50p50d-colocated_4replica-r8-rep1,colocated_4replica,mixed_50p50d,8.0,64,pynvml
2026-06-21T17:28:06.737212+00:00,1,83.0,42776.0,49140.0,115.478,67,formal-mixed_50p50d-colocated_4replica-r8-rep1,colocated_4replica,mixed_50p50d,8.0,64,pynvml
2026-06-21T17:28:06.737212+00:00,2,88.0,42776.0,49140.0,116.077,58,formal-mixed_50p50d-colocated_4replica-r8-rep1,colocated_4replica,mixed_50p50d,8.0,64,pynvml
2026-06-21T17:28:06.737212+00:00,3,24.0,42776.0,49140.0,121.549,65,formal-mixed_50p50d-colocated_4replica-r8-rep1,colocated_4replica,mixed_50p50d,8.0,64,pynvml
2026-06-21T17:28:07.241796+00:00,0,100.0,42776.0,49140.0,295.943,60,formal-mixed_50p50d-colocated_4replica-r8-rep1,colocated_4replica,mixed_50p50d,8.0,64,pynvml
2026-06-21T17:28:07.241796+00:00,1,100.0,42776.0,49140.0,171.821,67,formal-mixed_50p50d-colocated_4replica-r8-rep1,colocated_4replica,mixed_50p50d,8.0,64,pynvml
2026-06-21T17:28:07.241796+00:00,2,100.0,42776.0,49140.0,180.342,59,formal-mixed_50p50d-colocated_4replica-r8-rep1,colocated_4replica,mixed_50p50d,8.0,64,pynvml
2026-06-21T17:28:07.241796+00:00,3,100.0,42776.0,49140.0,170.798,65,formal-mixed_50p50d-colocated_4replica-r8-rep1,colocated_4replica,mixed_50p50d,8.0,64,pynvml
2026-06-21T17:28:07.745793+00:00,0,100.0,42776.0,49140.0,298.446,59,formal-mixed_50p50d-colocated_4replica-r8-rep1,colocated_4replica,mixed_50p50d,8.0,64,pynvml
2026-06-21T17:28:07.745793+00:00,1,100.0,42776.0,49140.0,291.341,67,formal-mixed_50p50d-colocated_4replica-r8-rep1,colocated_4replica,mixed_50p50d,8.0,64,pynvml
2026-06-21T17:28:07.745793+00:00,2,100.0,42776.0,49140.0,299.44,59,formal-mixed_50p50d-colocated_4replica-r8-rep1,colocated_4replica,mixed_50p50d,8.0,64,pynvml
2026-06-21T17:28:07.745793+00:00,3,100.0,42776.0,49140.0,289.22,66,formal-mixed_50p50d-colocated_4replica-r8-rep1,colocated_4replica,mixed_50p50d,8.0,64,pynvml
2026-06-21T17:28:08.456396+00:00,0,100.0,42776.0,49140.0,293.213,60,formal-mixed_50p50d-colocated_4replica-r8-rep1,colocated_4replica,mixed_50p50d,8.0,64,pynvml
2026-06-21T17:28:08.456396+00:00,1,100.0,42776.0,49140.0,290.589,68,formal-mixed_50p50d-colocated_4replica-r8-rep1,colocated_4replica,mixed_50p50d,8.0,64,pynvml
2026-06-21T17:28:08.456396+00:00,2,100.0,42776.0,49140.0,297.463,59,formal-mixed_50p50d-colocated_4replica-r8-rep1,colocated_4replica,mixed_50p50d,8.0,64,pynvml
2026-06-21T17:28:08.456396+00:00,3,100.0,42776.0,49140.0,294.037,66,formal-mixed_50p50d-colocated_4replica-r8-rep1,colocated_4replica,mixed_50p50d,8.0,64,pynvml
2026-06-21T17:28:08.960395+00:00,0,100.0,42776.0,49140.0,289.18,60,formal-mixed_50p50d-colocated_4replica-r8-rep1,colocated_4replica,mixed_50p50d,8.0,64,pynvml
2026-06-21T17:28:08.960395+00:00,1,100.0,42776.0,49140.0,298.981,68,formal-mixed_50p50d-colocated_4replica-r8-rep1,colocated_4replica,mixed_50p50d,8.0,64,pynvml
2026-06-21T17:28:08.960395+00:00,2,100.0,42776.0,49140.0,292.138,60,formal-mixed_50p50d-colocated_4replica-r8-rep1,colocated_4replica,mixed_50p50d,8.0,64,pynvml
2026-06-21T17:28:08.960395+00:00,3,100.0,42776.0,49140.0,301.037,67,formal-mixed_50p50d-colocated_4replica-r8-rep1,colocated_4replica,mixed_50p50d,8.0,64,pynvml
2026-06-21T17:28:09.464406+00:00,0,100.0,42776.0,49140.0,297.455,60,formal-mixed_50p50d-colocated_4replica-r8-rep1,colocated_4replica,mixed_50p50d,8.0,64,pynvml
2026-06-21T17:28:09.464406+00:00,1,100.0,42776.0,49140.0,295.402,69,formal-mixed_50p50d-colocated_4replica-r8-rep1,colocated_4replica,mixed_50p50d,8.0,64,pynvml
2026-06-21T17:28:09.464406+00:00,2,100.0,42776.0,49140.0,288.726,60,formal-mixed_50p50d-colocated_4replica-r8-rep1,colocated_4replica,mixed_50p50d,8.0,64,pynvml
2026-06-21T17:28:09.464406+00:00,3,100.0,42776.0,49140.0,296.324,67,formal-mixed_50p50d-colocated_4replica-r8-rep1,colocated_4replica,mixed_50p50d,8.0,64,pynvml
2026-06-21T17:28:09.971011+00:00,0,100.0,42776.0,49140.0,299.826,59,formal-mixed_50p50d-colocated_4replica-r8-rep1,colocated_4replica,mixed_50p50d,8.0,64,pynvml
2026-06-21T17:28:09.971011+00:00,1,100.0,42776.0,49140.0,290.475,69,formal-mixed_50p50d-colocated_4replica-r8-rep1,colocated_4replica,mixed_50p50d,8.0,64,pynvml
2026-06-21T17:28:09.971011+00:00,2,100.0,42776.0,49140.0,293.93,60,formal-mixed_50p50d-colocated_4replica-r8-rep1,colocated_4replica,mixed_50p50d,8.0,64,pynvml
2026-06-21T17:28:09.971011+00:00,3,100.0,42776.0,49140.0,293.93,67,formal-mixed_50p50d-colocated_4replica-r8-rep1,colocated_4replica,mixed_50p50d,8.0,64,pynvml
2026-06-21T17:28:10.474932+00:00,0,100.0,42776.0,49140.0,299.633,60,formal-mixed_50p50d-colocated_4replica-r8-rep1,colocated_4replica,mixed_50p50d,8.0,64,pynvml
2026-06-21T17:28:10.474932+00:00,1,100.0,42776.0,49140.0,298.699,69,formal-mixed_50p50d-colocated_4replica-r8-rep1,colocated_4replica,mixed_50p50d,8.0,64,pynvml
2026-06-21T17:28:10.474932+00:00,2,100.0,42776.0,49140.0,299.081,60,formal-mixed_50p50d-colocated_4replica-r8-rep1,colocated_4replica,mixed_50p50d,8.0,64,pynvml
2026-06-21T17:28:10.474932+00:00,3,100.0,42776.0,49140.0,300.514,67,formal-mixed_50p50d-colocated_4replica-r8-rep1,colocated_4replica,mixed_50p50d,8.0,64,pynvml
2026-06-21T17:28:10.981611+00:00,0,100.0,42776.0,49140.0,293.644,60,formal-mixed_50p50d-colocated_4replica-r8-rep1,colocated_4replica,mixed_50p50d,8.0,64,pynvml
2026-06-21T17:28:10.981611+00:00,1,100.0,42776.0,49140.0,297.435,69,formal-mixed_50p50d-colocated_4replica-r8-rep1,colocated_4replica,mixed_50p50d,8.0,64,pynvml
2026-06-21T17:28:10.981611+00:00,2,100.0,42776.0,49140.0,294.844,60,formal-mixed_50p50d-colocated_4replica-r8-rep1,colocated_4replica,mixed_50p50d,8.0,64,pynvml
2026-06-21T17:28:10.981611+00:00,3,100.0,42776.0,49140.0,297.735,67,formal-mixed_50p50d-colocated_4replica-r8-rep1,colocated_4replica,mixed_50p50d,8.0,64,pynvml
2026-06-21T17:28:11.485610+00:00,0,100.0,42776.0,49140.0,294.311,60,formal-mixed_50p50d-colocated_4replica-r8-rep1,colocated_4replica,mixed_50p50d,8.0,64,pynvml
2026-06-21T17:28:11.485610+00:00,1,100.0,42776.0,49140.0,299.567,69,formal-mixed_50p50d-colocated_4replica-r8-rep1,colocated_4replica,mixed_50p50d,8.0,64,pynvml
2026-06-21T17:28:11.485610+00:00,2,100.0,42776.0,49140.0,290.112,60,formal-mixed_50p50d-colocated_4replica-r8-rep1,colocated_4replica,mixed_50p50d,8.0,64,pynvml
2026-06-21T17:28:11.485610+00:00,3,100.0,42776.0,49140.0,293.484,67,formal-mixed_50p50d-colocated_4replica-r8-rep1,colocated_4replica,mixed_50p50d,8.0,64,pynvml
2026-06-21T17:28:11.989890+00:00,0,100.0,42776.0,49140.0,299.829,60,formal-mixed_50p50d-colocated_4replica-r8-rep1,colocated_4replica,mixed_50p50d,8.0,64,pynvml
2026-06-21T17:28:11.989890+00:00,1,100.0,42776.0,49140.0,298.829,70,formal-mixed_50p50d-colocated_4replica-r8-rep1,colocated_4replica,mixed_50p50d,8.0,64,pynvml
2026-06-21T17:28:11.989890+00:00,2,100.0,42776.0,49140.0,293.182,61,formal-mixed_50p50d-colocated_4replica-r8-rep1,colocated_4replica,mixed_50p50d,8.0,64,pynvml
2026-06-21T17:28:11.989890+00:00,3,100.0,42776.0,49140.0,293.375,67,formal-mixed_50p50d-colocated_4replica-r8-rep1,colocated_4replica,mixed_50p50d,8.0,64,pynvml
2026-06-21T17:28:12.494242+00:00,0,100.0,42776.0,49140.0,299.208,60,formal-mixed_50p50d-colocated_4replica-r8-rep1,colocated_4replica,mixed_50p50d,8.0,64,pynvml
2026-06-21T17:28:12.494242+00:00,1,100.0,42776.0,49140.0,294.378,69,formal-mixed_50p50d-colocated_4replica-r8-rep1,colocated_4replica,mixed_50p50d,8.0,64,pynvml
2026-06-21T17:28:12.494242+00:00,2,100.0,42776.0,49140.0,299.049,61,formal-mixed_50p50d-colocated_4replica-r8-rep1,colocated_4replica,mixed_50p50d,8.0,64,pynvml
2026-06-21T17:28:12.494242+00:00,3,100.0,42776.0,49140.0,295.585,67,formal-mixed_50p50d-colocated_4replica-r8-rep1,colocated_4replica,mixed_50p50d,8.0,64,pynvml
2026-06-21T17:28:12.998748+00:00,0,100.0,42776.0,49140.0,298.332,60,formal-mixed_50p50d-colocated_4replica-r8-rep1,colocated_4replica,mixed_50p50d,8.0,64,pynvml
2026-06-21T17:28:12.998748+00:00,1,100.0,42776.0,49140.0,299.015,70,formal-mixed_50p50d-colocated_4replica-r8-rep1,colocated_4replica,mixed_50p50d,8.0,64,pynvml
2026-06-21T17:28:12.998748+00:00,2,100.0,42776.0,49140.0,293.233,60,formal-mixed_50p50d-colocated_4replica-r8-rep1,colocated_4replica,mixed_50p50d,8.0,64,pynvml
2026-06-21T17:28:12.998748+00:00,3,100.0,42776.0,49140.0,296.251,67,formal-mixed_50p50d-colocated_4replica-r8-rep1,colocated_4replica,mixed_50p50d,8.0,64,pynvml
2026-06-21T17:28:13.503116+00:00,0,100.0,42776.0,49140.0,295.055,61,formal-mixed_50p50d-colocated_4replica-r8-rep1,colocated_4replica,mixed_50p50d,8.0,64,pynvml
2026-06-21T17:28:13.503116+00:00,1,100.0,42776.0,49140.0,293.103,70,formal-mixed_50p50d-colocated_4replica-r8-rep1,colocated_4replica,mixed_50p50d,8.0,64,pynvml
2026-06-21T17:28:13.503116+00:00,2,100.0,42776.0,49140.0,294.351,62,formal-mixed_50p50d-colocated_4replica-r8-rep1,colocated_4replica,mixed_50p50d,8.0,64,pynvml
2026-06-21T17:28:13.503116+00:00,3,100.0,42776.0,49140.0,295.533,68,formal-mixed_50p50d-colocated_4replica-r8-rep1,colocated_4replica,mixed_50p50d,8.0,64,pynvml
2026-06-21T17:28:14.007234+00:00,0,100.0,42776.0,49140.0,294.513,61,formal-mixed_50p50d-colocated_4replica-r8-rep1,colocated_4replica,mixed_50p50d,8.0,64,pynvml
2026-06-21T17:28:14.007234+00:00,1,100.0,42776.0,49140.0,298.919,70,formal-mixed_50p50d-colocated_4replica-r8-rep1,colocated_4replica,mixed_50p50d,8.0,64,pynvml
2026-06-21T17:28:14.007234+00:00,2,100.0,42776.0,49140.0,297.2,61,formal-mixed_50p50d-colocated_4replica-r8-rep1,colocated_4replica,mixed_50p50d,8.0,64,pynvml
2026-06-21T17:28:14.007234+00:00,3,100.0,42776.0,49140.0,298.271,68,formal-mixed_50p50d-colocated_4replica-r8-rep1,colocated_4replica,mixed_50p50d,8.0,64,pynvml
2026-06-21T17:28:14.511404+00:00,0,100.0,42776.0,49140.0,299.165,61,formal-mixed_50p50d-colocated_4replica-r8-rep1,colocated_4replica,mixed_50p50d,8.0,64,pynvml
2026-06-21T17:28:14.511404+00:00,1,100.0,42776.0,49140.0,298.93,70,formal-mixed_50p50d-colocated_4replica-r8-rep1,colocated_4replica,mixed_50p50d,8.0,64,pynvml
2026-06-21T17:28:14.511404+00:00,2,100.0,42776.0,49140.0,293.081,61,formal-mixed_50p50d-colocated_4replica-r8-rep1,colocated_4replica,mixed_50p50d,8.0,64,pynvml
2026-06-21T17:28:14.511404+00:00,3,100.0,42776.0,49140.0,293.646,68,formal-mixed_50p50d-colocated_4replica-r8-rep1,colocated_4replica,mixed_50p50d,8.0,64,pynvml
2026-06-21T17:28:15.015543+00:00,0,100.0,42776.0,49140.0,300.884,61,formal-mixed_50p50d-colocated_4replica-r8-rep1,colocated_4replica,mixed_50p50d,8.0,64,pynvml
2026-06-21T17:28:15.015543+00:00,1,100.0,42776.0,49140.0,298.64,70,formal-mixed_50p50d-colocated_4replica-r8-rep1,colocated_4replica,mixed_50p50d,8.0,64,pynvml
2026-06-21T17:28:15.015543+00:00,2,100.0,42776.0,49140.0,292.296,61,formal-mixed_50p50d-colocated_4replica-r8-rep1,colocated_4replica,mixed_50p50d,8.0,64,pynvml
2026-06-21T17:28:15.015543+00:00,3,100.0,42776.0,49140.0,294.386,68,formal-mixed_50p50d-colocated_4replica-r8-rep1,colocated_4replica,mixed_50p50d,8.0,64,pynvml
2026-06-21T17:28:15.522280+00:00,0,100.0,42776.0,49140.0,298.902,61,formal-mixed_50p50d-colocated_4replica-r8-rep1,colocated_4replica,mixed_50p50d,8.0,64,pynvml
2026-06-21T17:28:15.522280+00:00,1,100.0,42776.0,49140.0,296.942,70,formal-mixed_50p50d-colocated_4replica-r8-rep1,colocated_4replica,mixed_50p50d,8.0,64,pynvml
2026-06-21T17:28:15.522280+00:00,2,100.0,42776.0,49140.0,295.832,61,formal-mixed_50p50d-colocated_4replica-r8-rep1,colocated_4replica,mixed_50p50d,8.0,64,pynvml
2026-06-21T17:28:15.522280+00:00,3,100.0,42776.0,49140.0,299.416,68,formal-mixed_50p50d-colocated_4replica-r8-rep1,colocated_4replica,mixed_50p50d,8.0,64,pynvml
2026-06-21T17:28:16.026910+00:00,0,100.0,42776.0,49140.0,290.679,61,formal-mixed_50p50d-colocated_4replica-r8-rep1,colocated_4replica,mixed_50p50d,8.0,64,pynvml
2026-06-21T17:28:16.026910+00:00,1,100.0,42776.0,49140.0,300.59,70,formal-mixed_50p50d-colocated_4replica-r8-rep1,colocated_4replica,mixed_50p50d,8.0,64,pynvml
2026-06-21T17:28:16.026910+00:00,2,100.0,42776.0,49140.0,295.569,62,formal-mixed_50p50d-colocated_4replica-r8-rep1,colocated_4replica,mixed_50p50d,8.0,64,pynvml
2026-06-21T17:28:16.026910+00:00,3,100.0,42776.0,49140.0,292.838,69,formal-mixed_50p50d-colocated_4replica-r8-rep1,colocated_4replica,mixed_50p50d,8.0,64,pynvml
2026-06-21T17:28:16.530804+00:00,0,100.0,42776.0,49140.0,293.867,61,formal-mixed_50p50d-colocated_4replica-r8-rep1,colocated_4replica,mixed_50p50d,8.0,64,pynvml
2026-06-21T17:28:16.530804+00:00,1,100.0,42776.0,49140.0,294.383,71,formal-mixed_50p50d-colocated_4replica-r8-rep1,colocated_4replica,mixed_50p50d,8.0,64,pynvml
2026-06-21T17:28:16.530804+00:00,2,100.0,42776.0,49140.0,299.03,62,formal-mixed_50p50d-colocated_4replica-r8-rep1,colocated_4replica,mixed_50p50d,8.0,64,pynvml
2026-06-21T17:28:16.530804+00:00,3,100.0,42776.0,49140.0,296.516,68,formal-mixed_50p50d-colocated_4replica-r8-rep1,colocated_4replica,mixed_50p50d,8.0,64,pynvml
2026-06-21T17:28:17.035493+00:00,0,100.0,42776.0,49140.0,299.008,61,formal-mixed_50p50d-colocated_4replica-r8-rep1,colocated_4replica,mixed_50p50d,8.0,64,pynvml
2026-06-21T17:28:17.035493+00:00,1,100.0,42776.0,49140.0,293.754,71,formal-mixed_50p50d-colocated_4replica-r8-rep1,colocated_4replica,mixed_50p50d,8.0,64,pynvml
2026-06-21T17:28:17.035493+00:00,2,100.0,42776.0,49140.0,293.329,62,formal-mixed_50p50d-colocated_4replica-r8-rep1,colocated_4replica,mixed_50p50d,8.0,64,pynvml
2026-06-21T17:28:17.035493+00:00,3,100.0,42776.0,49140.0,294.341,69,formal-mixed_50p50d-colocated_4replica-r8-rep1,colocated_4replica,mixed_50p50d,8.0,64,pynvml
2026-06-21T17:28:17.586751+00:00,0,100.0,42776.0,49140.0,294.816,62,formal-mixed_50p50d-colocated_4replica-r8-rep1,colocated_4replica,mixed_50p50d,8.0,64,pynvml
2026-06-21T17:28:17.586751+00:00,1,100.0,42776.0,49140.0,296.679,71,formal-mixed_50p50d-colocated_4replica-r8-rep1,colocated_4replica,mixed_50p50d,8.0,64,pynvml
2026-06-21T17:28:17.586751+00:00,2,100.0,42776.0,49140.0,296.051,62,formal-mixed_50p50d-colocated_4replica-r8-rep1,colocated_4replica,mixed_50p50d,8.0,64,pynvml
2026-06-21T17:28:17.586751+00:00,3,100.0,42776.0,49140.0,293.914,69,formal-mixed_50p50d-colocated_4replica-r8-rep1,colocated_4replica,mixed_50p50d,8.0,64,pynvml
2026-06-21T17:28:18.091670+00:00,0,100.0,42776.0,49140.0,294.448,62,formal-mixed_50p50d-colocated_4replica-r8-rep1,colocated_4replica,mixed_50p50d,8.0,64,pynvml
2026-06-21T17:28:18.091670+00:00,1,100.0,42776.0,49140.0,293.52,71,formal-mixed_50p50d-colocated_4replica-r8-rep1,colocated_4replica,mixed_50p50d,8.0,64,pynvml
2026-06-21T17:28:18.091670+00:00,2,100.0,42776.0,49140.0,301.577,62,formal-mixed_50p50d-colocated_4replica-r8-rep1,colocated_4replica,mixed_50p50d,8.0,64,pynvml
2026-06-21T17:28:18.091670+00:00,3,100.0,42776.0,49140.0,297.603,69,formal-mixed_50p50d-colocated_4replica-r8-rep1,colocated_4replica,mixed_50p50d,8.0,64,pynvml
2026-06-21T17:28:18.595675+00:00,0,100.0,42776.0,49140.0,298.527,62,formal-mixed_50p50d-colocated_4replica-r8-rep1,colocated_4replica,mixed_50p50d,8.0,64,pynvml
2026-06-21T17:28:18.595675+00:00,1,100.0,42776.0,49140.0,298.919,71,formal-mixed_50p50d-colocated_4replica-r8-rep1,colocated_4replica,mixed_50p50d,8.0,64,pynvml
2026-06-21T17:28:18.595675+00:00,2,100.0,42776.0,49140.0,298.92,62,formal-mixed_50p50d-colocated_4replica-r8-rep1,colocated_4replica,mixed_50p50d,8.0,64,pynvml
2026-06-21T17:28:18.595675+00:00,3,100.0,42776.0,49140.0,299.006,69,formal-mixed_50p50d-colocated_4replica-r8-rep1,colocated_4replica,mixed_50p50d,8.0,64,pynvml
2026-06-21T17:28:19.099182+00:00,0,100.0,42776.0,49140.0,297.768,61,formal-mixed_50p50d-colocated_4replica-r8-rep1,colocated_4replica,mixed_50p50d,8.0,64,pynvml
2026-06-21T17:28:19.099182+00:00,1,100.0,42776.0,49140.0,299.196,72,formal-mixed_50p50d-colocated_4replica-r8-rep1,colocated_4replica,mixed_50p50d,8.0,64,pynvml
2026-06-21T17:28:19.099182+00:00,2,100.0,42776.0,49140.0,293.404,62,formal-mixed_50p50d-colocated_4replica-r8-rep1,colocated_4replica,mixed_50p50d,8.0,64,pynvml
2026-06-21T17:28:19.099182+00:00,3,100.0,42776.0,49140.0,295.357,69,formal-mixed_50p50d-colocated_4replica-r8-rep1,colocated_4replica,mixed_50p50d,8.0,64,pynvml
2026-06-21T17:28:19.603542+00:00,0,100.0,42776.0,49140.0,295.364,62,formal-mixed_50p50d-colocated_4replica-r8-rep1,colocated_4replica,mixed_50p50d,8.0,64,pynvml
2026-06-21T17:28:19.603542+00:00,1,100.0,42776.0,49140.0,294.283,71,formal-mixed_50p50d-colocated_4replica-r8-rep1,colocated_4replica,mixed_50p50d,8.0,64,pynvml
2026-06-21T17:28:19.603542+00:00,2,100.0,42776.0,49140.0,294.783,62,formal-mixed_50p50d-colocated_4replica-r8-rep1,colocated_4replica,mixed_50p50d,8.0,64,pynvml
2026-06-21T17:28:19.603542+00:00,3,100.0,42776.0,49140.0,293.117,69,formal-mixed_50p50d-colocated_4replica-r8-rep1,colocated_4replica,mixed_50p50d,8.0,64,pynvml
2026-06-21T17:28:20.107208+00:00,0,100.0,42776.0,49140.0,295.197,62,formal-mixed_50p50d-colocated_4replica-r8-rep1,colocated_4replica,mixed_50p50d,8.0,64,pynvml
2026-06-21T17:28:20.107208+00:00,1,100.0,42776.0,49140.0,296.551,72,formal-mixed_50p50d-colocated_4replica-r8-rep1,colocated_4replica,mixed_50p50d,8.0,64,pynvml
2026-06-21T17:28:20.107208+00:00,2,100.0,42776.0,49140.0,294.06,62,formal-mixed_50p50d-colocated_4replica-r8-rep1,colocated_4replica,mixed_50p50d,8.0,64,pynvml
2026-06-21T17:28:20.107208+00:00,3,100.0,42776.0,49140.0,299.29,69,formal-mixed_50p50d-colocated_4replica-r8-rep1,colocated_4replica,mixed_50p50d,8.0,64,pynvml
2026-06-21T17:28:20.611223+00:00,0,100.0,42776.0,49140.0,296.854,62,formal-mixed_50p50d-colocated_4replica-r8-rep1,colocated_4replica,mixed_50p50d,8.0,64,pynvml
2026-06-21T17:28:20.611223+00:00,1,100.0,42776.0,49140.0,299.049,72,formal-mixed_50p50d-colocated_4replica-r8-rep1,colocated_4replica,mixed_50p50d,8.0,64,pynvml
2026-06-21T17:28:20.611223+00:00,2,100.0,42776.0,49140.0,291.166,63,formal-mixed_50p50d-colocated_4replica-r8-rep1,colocated_4replica,mixed_50p50d,8.0,64,pynvml
2026-06-21T17:28:20.611223+00:00,3,100.0,42776.0,49140.0,294.515,70,formal-mixed_50p50d-colocated_4replica-r8-rep1,colocated_4replica,mixed_50p50d,8.0,64,pynvml
2026-06-21T17:28:21.117185+00:00,0,100.0,42776.0,49140.0,297.396,63,formal-mixed_50p50d-colocated_4replica-r8-rep1,colocated_4replica,mixed_50p50d,8.0,64,pynvml
2026-06-21T17:28:21.117185+00:00,1,100.0,42776.0,49140.0,300.261,72,formal-mixed_50p50d-colocated_4replica-r8-rep1,colocated_4replica,mixed_50p50d,8.0,64,pynvml
2026-06-21T17:28:21.117185+00:00,2,100.0,42776.0,49140.0,296.249,63,formal-mixed_50p50d-colocated_4replica-r8-rep1,colocated_4replica,mixed_50p50d,8.0,64,pynvml
2026-06-21T17:28:21.117185+00:00,3,100.0,42776.0,49140.0,297.387,70,formal-mixed_50p50d-colocated_4replica-r8-rep1,colocated_4replica,mixed_50p50d,8.0,64,pynvml
2026-06-21T17:28:21.621494+00:00,0,100.0,42776.0,49140.0,294.005,62,formal-mixed_50p50d-colocated_4replica-r8-rep1,colocated_4replica,mixed_50p50d,8.0,64,pynvml
2026-06-21T17:28:21.621494+00:00,1,100.0,42776.0,49140.0,295.734,71,formal-mixed_50p50d-colocated_4replica-r8-rep1,colocated_4replica,mixed_50p50d,8.0,64,pynvml
2026-06-21T17:28:21.621494+00:00,2,100.0,42776.0,49140.0,298.82,63,formal-mixed_50p50d-colocated_4replica-r8-rep1,colocated_4replica,mixed_50p50d,8.0,64,pynvml
2026-06-21T17:28:21.621494+00:00,3,100.0,42776.0,49140.0,299.224,70,formal-mixed_50p50d-colocated_4replica-r8-rep1,colocated_4replica,mixed_50p50d,8.0,64,pynvml
2026-06-21T17:28:22.125023+00:00,0,100.0,42776.0,49140.0,299.507,63,formal-mixed_50p50d-colocated_4replica-r8-rep1,colocated_4replica,mixed_50p50d,8.0,64,pynvml
2026-06-21T17:28:22.125023+00:00,1,100.0,42776.0,49140.0,293.956,72,formal-mixed_50p50d-colocated_4replica-r8-rep1,colocated_4replica,mixed_50p50d,8.0,64,pynvml
2026-06-21T17:28:22.125023+00:00,2,100.0,42776.0,49140.0,298.066,63,formal-mixed_50p50d-colocated_4replica-r8-rep1,colocated_4replica,mixed_50p50d,8.0,64,pynvml
2026-06-21T17:28:22.125023+00:00,3,100.0,42776.0,49140.0,295.136,70,formal-mixed_50p50d-colocated_4replica-r8-rep1,colocated_4replica,mixed_50p50d,8.0,64,pynvml
2026-06-21T17:28:22.629015+00:00,0,100.0,42776.0,49140.0,297.819,63,formal-mixed_50p50d-colocated_4replica-r8-rep1,colocated_4replica,mixed_50p50d,8.0,64,pynvml
2026-06-21T17:28:22.629015+00:00,1,100.0,42776.0,49140.0,295.072,72,formal-mixed_50p50d-colocated_4replica-r8-rep1,colocated_4replica,mixed_50p50d,8.0,64,pynvml
2026-06-21T17:28:22.629015+00:00,2,100.0,42776.0,49140.0,293.405,63,formal-mixed_50p50d-colocated_4replica-r8-rep1,colocated_4replica,mixed_50p50d,8.0,64,pynvml
2026-06-21T17:28:22.629015+00:00,3,100.0,42776.0,49140.0,298.76,70,formal-mixed_50p50d-colocated_4replica-r8-rep1,colocated_4replica,mixed_50p50d,8.0,64,pynvml
2026-06-21T17:28:23.133469+00:00,0,100.0,42776.0,49140.0,296.398,63,formal-mixed_50p50d-colocated_4replica-r8-rep1,colocated_4replica,mixed_50p50d,8.0,64,pynvml
2026-06-21T17:28:23.133469+00:00,1,100.0,42776.0,49140.0,299.663,72,formal-mixed_50p50d-colocated_4replica-r8-rep1,colocated_4replica,mixed_50p50d,8.0,64,pynvml
2026-06-21T17:28:23.133469+00:00,2,100.0,42776.0,49140.0,290.304,63,formal-mixed_50p50d-colocated_4replica-r8-rep1,colocated_4replica,mixed_50p50d,8.0,64,pynvml
2026-06-21T17:28:23.133469+00:00,3,100.0,42776.0,49140.0,300.271,70,formal-mixed_50p50d-colocated_4replica-r8-rep1,colocated_4replica,mixed_50p50d,8.0,64,pynvml
2026-06-21T17:28:23.637067+00:00,0,100.0,42776.0,49140.0,292.457,63,formal-mixed_50p50d-colocated_4replica-r8-rep1,colocated_4replica,mixed_50p50d,8.0,64,pynvml
2026-06-21T17:28:23.637067+00:00,1,100.0,42776.0,49140.0,298.568,72,formal-mixed_50p50d-colocated_4replica-r8-rep1,colocated_4replica,mixed_50p50d,8.0,64,pynvml
2026-06-21T17:28:23.637067+00:00,2,100.0,42776.0,49140.0,299.126,63,formal-mixed_50p50d-colocated_4replica-r8-rep1,colocated_4replica,mixed_50p50d,8.0,64,pynvml
2026-06-21T17:28:23.637067+00:00,3,100.0,42776.0,49140.0,299.097,70,formal-mixed_50p50d-colocated_4replica-r8-rep1,colocated_4replica,mixed_50p50d,8.0,64,pynvml
2026-06-21T17:28:24.141494+00:00,0,100.0,42776.0,49140.0,297.081,63,formal-mixed_50p50d-colocated_4replica-r8-rep1,colocated_4replica,mixed_50p50d,8.0,64,pynvml
2026-06-21T17:28:24.141494+00:00,1,100.0,42776.0,49140.0,296.672,72,formal-mixed_50p50d-colocated_4replica-r8-rep1,colocated_4replica,mixed_50p50d,8.0,64,pynvml
2026-06-21T17:28:24.141494+00:00,2,100.0,42776.0,49140.0,294.236,64,formal-mixed_50p50d-colocated_4replica-r8-rep1,colocated_4replica,mixed_50p50d,8.0,64,pynvml
2026-06-21T17:28:24.141494+00:00,3,100.0,42776.0,49140.0,297.389,70,formal-mixed_50p50d-colocated_4replica-r8-rep1,colocated_4replica,mixed_50p50d,8.0,64,pynvml
2026-06-21T17:28:24.645424+00:00,0,100.0,42776.0,49140.0,299.567,63,formal-mixed_50p50d-colocated_4replica-r8-rep1,colocated_4replica,mixed_50p50d,8.0,64,pynvml
2026-06-21T17:28:24.645424+00:00,1,100.0,42776.0,49140.0,293.058,73,formal-mixed_50p50d-colocated_4replica-r8-rep1,colocated_4replica,mixed_50p50d,8.0,64,pynvml
2026-06-21T17:28:24.645424+00:00,2,100.0,42776.0,49140.0,290.788,64,formal-mixed_50p50d-colocated_4replica-r8-rep1,colocated_4replica,mixed_50p50d,8.0,64,pynvml
2026-06-21T17:28:24.645424+00:00,3,100.0,42776.0,49140.0,297.102,70,formal-mixed_50p50d-colocated_4replica-r8-rep1,colocated_4replica,mixed_50p50d,8.0,64,pynvml
2026-06-21T17:28:25.149240+00:00,0,100.0,42776.0,49140.0,299.296,63,formal-mixed_50p50d-colocated_4replica-r8-rep1,colocated_4replica,mixed_50p50d,8.0,64,pynvml
2026-06-21T17:28:25.149240+00:00,1,100.0,42776.0,49140.0,297.803,72,formal-mixed_50p50d-colocated_4replica-r8-rep1,colocated_4replica,mixed_50p50d,8.0,64,pynvml
2026-06-21T17:28:25.149240+00:00,2,100.0,42776.0,49140.0,298.433,64,formal-mixed_50p50d-colocated_4replica-r8-rep1,colocated_4replica,mixed_50p50d,8.0,64,pynvml
2026-06-21T17:28:25.149240+00:00,3,100.0,42776.0,49140.0,290.871,71,formal-mixed_50p50d-colocated_4replica-r8-rep1,colocated_4replica,mixed_50p50d,8.0,64,pynvml
2026-06-21T17:28:25.653474+00:00,0,100.0,42776.0,49140.0,293.906,64,formal-mixed_50p50d-colocated_4replica-r8-rep1,colocated_4replica,mixed_50p50d,8.0,64,pynvml
2026-06-21T17:28:25.653474+00:00,1,100.0,42776.0,49140.0,300.346,73,formal-mixed_50p50d-colocated_4replica-r8-rep1,colocated_4replica,mixed_50p50d,8.0,64,pynvml
2026-06-21T17:28:25.653474+00:00,2,100.0,42776.0,49140.0,298.842,64,formal-mixed_50p50d-colocated_4replica-r8-rep1,colocated_4replica,mixed_50p50d,8.0,64,pynvml
2026-06-21T17:28:25.653474+00:00,3,100.0,42776.0,49140.0,294.2,71,formal-mixed_50p50d-colocated_4replica-r8-rep1,colocated_4replica,mixed_50p50d,8.0,64,pynvml
2026-06-21T17:28:26.210417+00:00,0,100.0,42776.0,49140.0,297.692,64,formal-mixed_50p50d-colocated_4replica-r8-rep1,colocated_4replica,mixed_50p50d,8.0,64,pynvml
2026-06-21T17:28:26.210417+00:00,1,100.0,42776.0,49140.0,297.256,73,formal-mixed_50p50d-colocated_4replica-r8-rep1,colocated_4replica,mixed_50p50d,8.0,64,pynvml
2026-06-21T17:28:26.210417+00:00,2,100.0,42776.0,49140.0,290.432,64,formal-mixed_50p50d-colocated_4replica-r8-rep1,colocated_4replica,mixed_50p50d,8.0,64,pynvml
2026-06-21T17:28:26.210417+00:00,3,100.0,42776.0,49140.0,301.809,71,formal-mixed_50p50d-colocated_4replica-r8-rep1,colocated_4replica,mixed_50p50d,8.0,64,pynvml
2026-06-21T17:28:26.715400+00:00,0,100.0,42776.0,49140.0,302.189,64,formal-mixed_50p50d-colocated_4replica-r8-rep1,colocated_4replica,mixed_50p50d,8.0,64,pynvml
2026-06-21T17:28:26.715400+00:00,1,100.0,42776.0,49140.0,301.63,72,formal-mixed_50p50d-colocated_4replica-r8-rep1,colocated_4replica,mixed_50p50d,8.0,64,pynvml
2026-06-21T17:28:26.715400+00:00,2,100.0,42776.0,49140.0,295.07,64,formal-mixed_50p50d-colocated_4replica-r8-rep1,colocated_4replica,mixed_50p50d,8.0,64,pynvml
2026-06-21T17:28:26.715400+00:00,3,100.0,42776.0,49140.0,293.735,71,formal-mixed_50p50d-colocated_4replica-r8-rep1,colocated_4replica,mixed_50p50d,8.0,64,pynvml
2026-06-21T17:28:27.219710+00:00,0,100.0,42776.0,49140.0,297.284,64,formal-mixed_50p50d-colocated_4replica-r8-rep1,colocated_4replica,mixed_50p50d,8.0,64,pynvml
2026-06-21T17:28:27.219710+00:00,1,100.0,42776.0,49140.0,299.314,73,formal-mixed_50p50d-colocated_4replica-r8-rep1,colocated_4replica,mixed_50p50d,8.0,64,pynvml
2026-06-21T17:28:27.219710+00:00,2,100.0,42776.0,49140.0,293.213,64,formal-mixed_50p50d-colocated_4replica-r8-rep1,colocated_4replica,mixed_50p50d,8.0,64,pynvml
2026-06-21T17:28:27.219710+00:00,3,100.0,42776.0,49140.0,294.345,71,formal-mixed_50p50d-colocated_4replica-r8-rep1,colocated_4replica,mixed_50p50d,8.0,64,pynvml
2026-06-21T17:28:27.724095+00:00,0,100.0,42776.0,49140.0,293.2,64,formal-mixed_50p50d-colocated_4replica-r8-rep1,colocated_4replica,mixed_50p50d,8.0,64,pynvml
2026-06-21T17:28:27.724095+00:00,1,100.0,42776.0,49140.0,294.831,73,formal-mixed_50p50d-colocated_4replica-r8-rep1,colocated_4replica,mixed_50p50d,8.0,64,pynvml
2026-06-21T17:28:27.724095+00:00,2,100.0,42776.0,49140.0,300.096,64,formal-mixed_50p50d-colocated_4replica-r8-rep1,colocated_4replica,mixed_50p50d,8.0,64,pynvml
2026-06-21T17:28:27.724095+00:00,3,100.0,42776.0,49140.0,299.382,71,formal-mixed_50p50d-colocated_4replica-r8-rep1,colocated_4replica,mixed_50p50d,8.0,64,pynvml
2026-06-21T17:28:28.227827+00:00,0,100.0,42776.0,49140.0,294.189,64,formal-mixed_50p50d-colocated_4replica-r8-rep1,colocated_4replica,mixed_50p50d,8.0,64,pynvml
2026-06-21T17:28:28.227827+00:00,1,100.0,42776.0,49140.0,297.726,74,formal-mixed_50p50d-colocated_4replica-r8-rep1,colocated_4replica,mixed_50p50d,8.0,64,pynvml
2026-06-21T17:28:28.227827+00:00,2,100.0,42776.0,49140.0,293.605,64,formal-mixed_50p50d-colocated_4replica-r8-rep1,colocated_4replica,mixed_50p50d,8.0,64,pynvml
2026-06-21T17:28:28.227827+00:00,3,100.0,42776.0,49140.0,302.439,71,formal-mixed_50p50d-colocated_4replica-r8-rep1,colocated_4replica,mixed_50p50d,8.0,64,pynvml
2026-06-21T17:28:28.743784+00:00,0,100.0,42776.0,49140.0,296.087,64,formal-mixed_50p50d-colocated_4replica-r8-rep1,colocated_4replica,mixed_50p50d,8.0,64,pynvml
2026-06-21T17:28:28.743784+00:00,1,100.0,42776.0,49140.0,295.918,73,formal-mixed_50p50d-colocated_4replica-r8-rep1,colocated_4replica,mixed_50p50d,8.0,64,pynvml
2026-06-21T17:28:28.743784+00:00,2,100.0,42776.0,49140.0,290.93,64,formal-mixed_50p50d-colocated_4replica-r8-rep1,colocated_4replica,mixed_50p50d,8.0,64,pynvml
2026-06-21T17:28:28.743784+00:00,3,100.0,42776.0,49140.0,293.746,72,formal-mixed_50p50d-colocated_4replica-r8-rep1,colocated_4replica,mixed_50p50d,8.0,64,pynvml
2026-06-21T17:28:29.266526+00:00,0,100.0,42776.0,49140.0,292.501,64,formal-mixed_50p50d-colocated_4replica-r8-rep1,colocated_4replica,mixed_50p50d,8.0,64,pynvml
2026-06-21T17:28:29.266526+00:00,1,100.0,42776.0,49140.0,292.75,74,formal-mixed_50p50d-colocated_4replica-r8-rep1,colocated_4replica,mixed_50p50d,8.0,64,pynvml
2026-06-21T17:28:29.266526+00:00,2,100.0,42776.0,49140.0,298.314,65,formal-mixed_50p50d-colocated_4replica-r8-rep1,colocated_4replica,mixed_50p50d,8.0,64,pynvml
2026-06-21T17:28:29.266526+00:00,3,100.0,42776.0,49140.0,296.862,72,formal-mixed_50p50d-colocated_4replica-r8-rep1,colocated_4replica,mixed_50p50d,8.0,64,pynvml
2026-06-21T17:28:29.773235+00:00,0,100.0,42776.0,49140.0,302.152,64,formal-mixed_50p50d-colocated_4replica-r8-rep1,colocated_4replica,mixed_50p50d,8.0,64,pynvml
2026-06-21T17:28:29.773235+00:00,1,100.0,42776.0,49140.0,295.465,73,formal-mixed_50p50d-colocated_4replica-r8-rep1,colocated_4replica,mixed_50p50d,8.0,64,pynvml
2026-06-21T17:28:29.773235+00:00,2,100.0,42776.0,49140.0,295.534,65,formal-mixed_50p50d-colocated_4replica-r8-rep1,colocated_4replica,mixed_50p50d,8.0,64,pynvml
2026-06-21T17:28:29.773235+00:00,3,100.0,42776.0,49140.0,300.813,72,formal-mixed_50p50d-colocated_4replica-r8-rep1,colocated_4replica,mixed_50p50d,8.0,64,pynvml
2026-06-21T17:28:30.276376+00:00,0,100.0,42776.0,49140.0,294.396,64,formal-mixed_50p50d-colocated_4replica-r8-rep1,colocated_4replica,mixed_50p50d,8.0,64,pynvml
2026-06-21T17:28:30.276376+00:00,1,100.0,42776.0,49140.0,298.694,74,formal-mixed_50p50d-colocated_4replica-r8-rep1,colocated_4replica,mixed_50p50d,8.0,64,pynvml
2026-06-21T17:28:30.276376+00:00,2,100.0,42776.0,49140.0,299.339,65,formal-mixed_50p50d-colocated_4replica-r8-rep1,colocated_4replica,mixed_50p50d,8.0,64,pynvml
2026-06-21T17:28:30.276376+00:00,3,100.0,42776.0,49140.0,294.495,72,formal-mixed_50p50d-colocated_4replica-r8-rep1,colocated_4replica,mixed_50p50d,8.0,64,pynvml
2026-06-21T17:28:30.780400+00:00,0,100.0,42776.0,49140.0,296.234,64,formal-mixed_50p50d-colocated_4replica-r8-rep1,colocated_4replica,mixed_50p50d,8.0,64,pynvml
2026-06-21T17:28:30.780400+00:00,1,100.0,42776.0,49140.0,293.256,74,formal-mixed_50p50d-colocated_4replica-r8-rep1,colocated_4replica,mixed_50p50d,8.0,64,pynvml
2026-06-21T17:28:30.780400+00:00,2,100.0,42776.0,49140.0,297.976,65,formal-mixed_50p50d-colocated_4replica-r8-rep1,colocated_4replica,mixed_50p50d,8.0,64,pynvml
2026-06-21T17:28:30.780400+00:00,3,100.0,42776.0,49140.0,295.06,72,formal-mixed_50p50d-colocated_4replica-r8-rep1,colocated_4replica,mixed_50p50d,8.0,64,pynvml
2026-06-21T17:28:31.284388+00:00,0,100.0,42776.0,49140.0,299.471,65,formal-mixed_50p50d-colocated_4replica-r8-rep1,colocated_4replica,mixed_50p50d,8.0,64,pynvml
2026-06-21T17:28:31.284388+00:00,1,100.0,42776.0,49140.0,296.758,73,formal-mixed_50p50d-colocated_4replica-r8-rep1,colocated_4replica,mixed_50p50d,8.0,64,pynvml
2026-06-21T17:28:31.284388+00:00,2,100.0,42776.0,49140.0,293.407,65,formal-mixed_50p50d-colocated_4replica-r8-rep1,colocated_4replica,mixed_50p50d,8.0,64,pynvml
2026-06-21T17:28:31.284388+00:00,3,100.0,42776.0,49140.0,298.729,72,formal-mixed_50p50d-colocated_4replica-r8-rep1,colocated_4replica,mixed_50p50d,8.0,64,pynvml
2026-06-21T17:28:31.788228+00:00,0,100.0,42776.0,49140.0,296.46,64,formal-mixed_50p50d-colocated_4replica-r8-rep1,colocated_4replica,mixed_50p50d,8.0,64,pynvml
2026-06-21T17:28:31.788228+00:00,1,100.0,42776.0,49140.0,294.149,74,formal-mixed_50p50d-colocated_4replica-r8-rep1,colocated_4replica,mixed_50p50d,8.0,64,pynvml
2026-06-21T17:28:31.788228+00:00,2,100.0,42776.0,49140.0,299.478,65,formal-mixed_50p50d-colocated_4replica-r8-rep1,colocated_4replica,mixed_50p50d,8.0,64,pynvml
2026-06-21T17:28:31.788228+00:00,3,100.0,42776.0,49140.0,294.184,72,formal-mixed_50p50d-colocated_4replica-r8-rep1,colocated_4replica,mixed_50p50d,8.0,64,pynvml
2026-06-21T17:28:32.292245+00:00,0,100.0,42776.0,49140.0,295.532,65,formal-mixed_50p50d-colocated_4replica-r8-rep1,colocated_4replica,mixed_50p50d,8.0,64,pynvml
2026-06-21T17:28:32.292245+00:00,1,100.0,42776.0,49140.0,289.485,74,formal-mixed_50p50d-colocated_4replica-r8-rep1,colocated_4replica,mixed_50p50d,8.0,64,pynvml
2026-06-21T17:28:32.292245+00:00,2,100.0,42776.0,49140.0,296.857,65,formal-mixed_50p50d-colocated_4replica-r8-rep1,colocated_4replica,mixed_50p50d,8.0,64,pynvml
2026-06-21T17:28:32.292245+00:00,3,100.0,42776.0,49140.0,295.939,73,formal-mixed_50p50d-colocated_4replica-r8-rep1,colocated_4replica,mixed_50p50d,8.0,64,pynvml
2026-06-21T17:28:32.796386+00:00,0,100.0,42776.0,49140.0,297.715,65,formal-mixed_50p50d-colocated_4replica-r8-rep1,colocated_4replica,mixed_50p50d,8.0,64,pynvml
2026-06-21T17:28:32.796386+00:00,1,100.0,42776.0,49140.0,298.567,74,formal-mixed_50p50d-colocated_4replica-r8-rep1,colocated_4replica,mixed_50p50d,8.0,64,pynvml
2026-06-21T17:28:32.796386+00:00,2,100.0,42776.0,49140.0,297.62,66,formal-mixed_50p50d-colocated_4replica-r8-rep1,colocated_4replica,mixed_50p50d,8.0,64,pynvml
2026-06-21T17:28:32.796386+00:00,3,100.0,42776.0,49140.0,298.388,72,formal-mixed_50p50d-colocated_4replica-r8-rep1,colocated_4replica,mixed_50p50d,8.0,64,pynvml
2026-06-21T17:28:33.300351+00:00,0,100.0,42776.0,49140.0,296.819,65,formal-mixed_50p50d-colocated_4replica-r8-rep1,colocated_4replica,mixed_50p50d,8.0,64,pynvml
2026-06-21T17:28:33.300351+00:00,1,100.0,42776.0,49140.0,295.327,74,formal-mixed_50p50d-colocated_4replica-r8-rep1,colocated_4replica,mixed_50p50d,8.0,64,pynvml
2026-06-21T17:28:33.300351+00:00,2,100.0,42776.0,49140.0,299.289,66,formal-mixed_50p50d-colocated_4replica-r8-rep1,colocated_4replica,mixed_50p50d,8.0,64,pynvml
2026-06-21T17:28:33.300351+00:00,3,100.0,42776.0,49140.0,293.049,72,formal-mixed_50p50d-colocated_4replica-r8-rep1,colocated_4replica,mixed_50p50d,8.0,64,pynvml
2026-06-21T17:28:33.804032+00:00,0,100.0,42776.0,49140.0,290.071,64,formal-mixed_50p50d-colocated_4replica-r8-rep1,colocated_4replica,mixed_50p50d,8.0,64,pynvml
2026-06-21T17:28:33.804032+00:00,1,100.0,42776.0,49140.0,295.438,74,formal-mixed_50p50d-colocated_4replica-r8-rep1,colocated_4replica,mixed_50p50d,8.0,64,pynvml
2026-06-21T17:28:33.804032+00:00,2,100.0,42776.0,49140.0,294.916,66,formal-mixed_50p50d-colocated_4replica-r8-rep1,colocated_4replica,mixed_50p50d,8.0,64,pynvml
2026-06-21T17:28:33.804032+00:00,3,100.0,42776.0,49140.0,298.06,73,formal-mixed_50p50d-colocated_4replica-r8-rep1,colocated_4replica,mixed_50p50d,8.0,64,pynvml
2026-06-21T17:28:34.523992+00:00,0,100.0,42776.0,49140.0,302.386,65,formal-mixed_50p50d-colocated_4replica-r8-rep1,colocated_4replica,mixed_50p50d,8.0,64,pynvml
2026-06-21T17:28:34.523992+00:00,1,100.0,42776.0,49140.0,299.58,75,formal-mixed_50p50d-colocated_4replica-r8-rep1,colocated_4replica,mixed_50p50d,8.0,64,pynvml
2026-06-21T17:28:34.523992+00:00,2,100.0,42776.0,49140.0,300.481,65,formal-mixed_50p50d-colocated_4replica-r8-rep1,colocated_4replica,mixed_50p50d,8.0,64,pynvml
2026-06-21T17:28:34.523992+00:00,3,100.0,42776.0,49140.0,296.34,73,formal-mixed_50p50d-colocated_4replica-r8-rep1,colocated_4replica,mixed_50p50d,8.0,64,pynvml
2026-06-21T17:28:35.028389+00:00,0,100.0,42776.0,49140.0,298.817,65,formal-mixed_50p50d-colocated_4replica-r8-rep1,colocated_4replica,mixed_50p50d,8.0,64,pynvml
2026-06-21T17:28:35.028389+00:00,1,100.0,42776.0,49140.0,299.083,74,formal-mixed_50p50d-colocated_4replica-r8-rep1,colocated_4replica,mixed_50p50d,8.0,64,pynvml
2026-06-21T17:28:35.028389+00:00,2,100.0,42776.0,49140.0,296.983,66,formal-mixed_50p50d-colocated_4replica-r8-rep1,colocated_4replica,mixed_50p50d,8.0,64,pynvml
2026-06-21T17:28:35.028389+00:00,3,100.0,42776.0,49140.0,293.678,73,formal-mixed_50p50d-colocated_4replica-r8-rep1,colocated_4replica,mixed_50p50d,8.0,64,pynvml
2026-06-21T17:28:35.532058+00:00,0,100.0,42776.0,49140.0,297.186,65,formal-mixed_50p50d-colocated_4replica-r8-rep1,colocated_4replica,mixed_50p50d,8.0,64,pynvml
2026-06-21T17:28:35.532058+00:00,1,100.0,42776.0,49140.0,294.674,75,formal-mixed_50p50d-colocated_4replica-r8-rep1,colocated_4replica,mixed_50p50d,8.0,64,pynvml
2026-06-21T17:28:35.532058+00:00,2,100.0,42776.0,49140.0,298.271,66,formal-mixed_50p50d-colocated_4replica-r8-rep1,colocated_4replica,mixed_50p50d,8.0,64,pynvml
2026-06-21T17:28:35.532058+00:00,3,100.0,42776.0,49140.0,296.243,72,formal-mixed_50p50d-colocated_4replica-r8-rep1,colocated_4replica,mixed_50p50d,8.0,64,pynvml
2026-06-21T17:28:36.036416+00:00,0,100.0,42776.0,49140.0,298.925,65,formal-mixed_50p50d-colocated_4replica-r8-rep1,colocated_4replica,mixed_50p50d,8.0,64,pynvml
2026-06-21T17:28:36.036416+00:00,1,100.0,42776.0,49140.0,297.388,75,formal-mixed_50p50d-colocated_4replica-r8-rep1,colocated_4replica,mixed_50p50d,8.0,64,pynvml
2026-06-21T17:28:36.036416+00:00,2,100.0,42776.0,49140.0,295.516,66,formal-mixed_50p50d-colocated_4replica-r8-rep1,colocated_4replica,mixed_50p50d,8.0,64,pynvml
2026-06-21T17:28:36.036416+00:00,3,100.0,42776.0,49140.0,292.739,73,formal-mixed_50p50d-colocated_4replica-r8-rep1,colocated_4replica,mixed_50p50d,8.0,64,pynvml
2026-06-21T17:28:36.540339+00:00,0,100.0,42776.0,49140.0,293.991,65,formal-mixed_50p50d-colocated_4replica-r8-rep1,colocated_4replica,mixed_50p50d,8.0,64,pynvml
2026-06-21T17:28:36.540339+00:00,1,100.0,42776.0,49140.0,298.83,75,formal-mixed_50p50d-colocated_4replica-r8-rep1,colocated_4replica,mixed_50p50d,8.0,64,pynvml
2026-06-21T17:28:36.540339+00:00,2,100.0,42776.0,49140.0,291.093,66,formal-mixed_50p50d-colocated_4replica-r8-rep1,colocated_4replica,mixed_50p50d,8.0,64,pynvml
2026-06-21T17:28:36.540339+00:00,3,100.0,42776.0,49140.0,295.1,73,formal-mixed_50p50d-colocated_4replica-r8-rep1,colocated_4replica,mixed_50p50d,8.0,64,pynvml
2026-06-21T17:28:37.043909+00:00,0,100.0,42776.0,49140.0,302.488,65,formal-mixed_50p50d-colocated_4replica-r8-rep1,colocated_4replica,mixed_50p50d,8.0,64,pynvml
2026-06-21T17:28:37.043909+00:00,1,100.0,42776.0,49140.0,298.891,75,formal-mixed_50p50d-colocated_4replica-r8-rep1,colocated_4replica,mixed_50p50d,8.0,64,pynvml
2026-06-21T17:28:37.043909+00:00,2,100.0,42776.0,49140.0,299.445,66,formal-mixed_50p50d-colocated_4replica-r8-rep1,colocated_4replica,mixed_50p50d,8.0,64,pynvml
2026-06-21T17:28:37.043909+00:00,3,100.0,42776.0,49140.0,301.657,73,formal-mixed_50p50d-colocated_4replica-r8-rep1,colocated_4replica,mixed_50p50d,8.0,64,pynvml
2026-06-21T17:28:37.548400+00:00,0,100.0,42776.0,49140.0,294.621,66,formal-mixed_50p50d-colocated_4replica-r8-rep1,colocated_4replica,mixed_50p50d,8.0,64,pynvml
2026-06-21T17:28:37.548400+00:00,1,100.0,42776.0,49140.0,296.851,75,formal-mixed_50p50d-colocated_4replica-r8-rep1,colocated_4replica,mixed_50p50d,8.0,64,pynvml
2026-06-21T17:28:37.548400+00:00,2,100.0,42776.0,49140.0,300.366,66,formal-mixed_50p50d-colocated_4replica-r8-rep1,colocated_4replica,mixed_50p50d,8.0,64,pynvml
2026-06-21T17:28:37.548400+00:00,3,100.0,42776.0,49140.0,297.663,73,formal-mixed_50p50d-colocated_4replica-r8-rep1,colocated_4replica,mixed_50p50d,8.0,64,pynvml
2026-06-21T17:28:38.052394+00:00,0,100.0,42776.0,49140.0,297.944,65,formal-mixed_50p50d-colocated_4replica-r8-rep1,colocated_4replica,mixed_50p50d,8.0,64,pynvml
2026-06-21T17:28:38.052394+00:00,1,100.0,42776.0,49140.0,297.506,75,formal-mixed_50p50d-colocated_4replica-r8-rep1,colocated_4replica,mixed_50p50d,8.0,64,pynvml
2026-06-21T17:28:38.052394+00:00,2,100.0,42776.0,49140.0,299.902,65,formal-mixed_50p50d-colocated_4replica-r8-rep1,colocated_4replica,mixed_50p50d,8.0,64,pynvml
2026-06-21T17:28:38.052394+00:00,3,100.0,42776.0,49140.0,291.415,73,formal-mixed_50p50d-colocated_4replica-r8-rep1,colocated_4replica,mixed_50p50d,8.0,64,pynvml
2026-06-21T17:28:38.558482+00:00,0,100.0,42776.0,49140.0,299.076,65,formal-mixed_50p50d-colocated_4replica-r8-rep1,colocated_4replica,mixed_50p50d,8.0,64,pynvml
2026-06-21T17:28:38.558482+00:00,1,100.0,42776.0,49140.0,299.093,75,formal-mixed_50p50d-colocated_4replica-r8-rep1,colocated_4replica,mixed_50p50d,8.0,64,pynvml
2026-06-21T17:28:38.558482+00:00,2,100.0,42776.0,49140.0,295.131,66,formal-mixed_50p50d-colocated_4replica-r8-rep1,colocated_4replica,mixed_50p50d,8.0,64,pynvml
2026-06-21T17:28:38.558482+00:00,3,100.0,42776.0,49140.0,295.705,73,formal-mixed_50p50d-colocated_4replica-r8-rep1,colocated_4replica,mixed_50p50d,8.0,64,pynvml
2026-06-21T17:28:39.062342+00:00,0,100.0,42776.0,49140.0,298.904,65,formal-mixed_50p50d-colocated_4replica-r8-rep1,colocated_4replica,mixed_50p50d,8.0,64,pynvml
2026-06-21T17:28:39.062342+00:00,1,100.0,42776.0,49140.0,299.678,75,formal-mixed_50p50d-colocated_4replica-r8-rep1,colocated_4replica,mixed_50p50d,8.0,64,pynvml
2026-06-21T17:28:39.062342+00:00,2,100.0,42776.0,49140.0,295.059,66,formal-mixed_50p50d-colocated_4replica-r8-rep1,colocated_4replica,mixed_50p50d,8.0,64,pynvml
2026-06-21T17:28:39.062342+00:00,3,100.0,42776.0,49140.0,299.374,73,formal-mixed_50p50d-colocated_4replica-r8-rep1,colocated_4replica,mixed_50p50d,8.0,64,pynvml
2026-06-21T17:28:39.569652+00:00,0,100.0,42776.0,49140.0,293.141,65,formal-mixed_50p50d-colocated_4replica-r8-rep1,colocated_4replica,mixed_50p50d,8.0,64,pynvml
2026-06-21T17:28:39.569652+00:00,1,100.0,42776.0,49140.0,298.339,75,formal-mixed_50p50d-colocated_4replica-r8-rep1,colocated_4replica,mixed_50p50d,8.0,64,pynvml
2026-06-21T17:28:39.569652+00:00,2,100.0,42776.0,49140.0,299.877,66,formal-mixed_50p50d-colocated_4replica-r8-rep1,colocated_4replica,mixed_50p50d,8.0,64,pynvml
2026-06-21T17:28:39.569652+00:00,3,100.0,42776.0,49140.0,299.622,73,formal-mixed_50p50d-colocated_4replica-r8-rep1,colocated_4replica,mixed_50p50d,8.0,64,pynvml
2026-06-21T17:28:40.142218+00:00,0,100.0,42776.0,49140.0,291.944,66,formal-mixed_50p50d-colocated_4replica-r8-rep1,colocated_4replica,mixed_50p50d,8.0,64,pynvml
2026-06-21T17:28:40.142218+00:00,1,100.0,42776.0,49140.0,300.48,75,formal-mixed_50p50d-colocated_4replica-r8-rep1,colocated_4replica,mixed_50p50d,8.0,64,pynvml
2026-06-21T17:28:40.142218+00:00,2,100.0,42776.0,49140.0,293.376,66,formal-mixed_50p50d-colocated_4replica-r8-rep1,colocated_4replica,mixed_50p50d,8.0,64,pynvml
2026-06-21T17:28:40.142218+00:00,3,100.0,42776.0,49140.0,295.329,73,formal-mixed_50p50d-colocated_4replica-r8-rep1,colocated_4replica,mixed_50p50d,8.0,64,pynvml
2026-06-21T17:28:40.646617+00:00,0,100.0,42776.0,49140.0,298.745,65,formal-mixed_50p50d-colocated_4replica-r8-rep1,colocated_4replica,mixed_50p50d,8.0,64,pynvml
2026-06-21T17:28:40.646617+00:00,1,100.0,42776.0,49140.0,296.152,75,formal-mixed_50p50d-colocated_4replica-r8-rep1,colocated_4replica,mixed_50p50d,8.0,64,pynvml
2026-06-21T17:28:40.646617+00:00,2,100.0,42776.0,49140.0,292.846,66,formal-mixed_50p50d-colocated_4replica-r8-rep1,colocated_4replica,mixed_50p50d,8.0,64,pynvml
2026-06-21T17:28:40.646617+00:00,3,100.0,42776.0,49140.0,294.898,73,formal-mixed_50p50d-colocated_4replica-r8-rep1,colocated_4replica,mixed_50p50d,8.0,64,pynvml
2026-06-21T17:28:41.180396+00:00,0,100.0,42776.0,49140.0,295.629,65,formal-mixed_50p50d-colocated_4replica-r8-rep1,colocated_4replica,mixed_50p50d,8.0,64,pynvml
2026-06-21T17:28:41.180396+00:00,1,100.0,42776.0,49140.0,290.945,75,formal-mixed_50p50d-colocated_4replica-r8-rep1,colocated_4replica,mixed_50p50d,8.0,64,pynvml
2026-06-21T17:28:41.180396+00:00,2,100.0,42776.0,49140.0,300.125,66,formal-mixed_50p50d-colocated_4replica-r8-rep1,colocated_4replica,mixed_50p50d,8.0,64,pynvml
2026-06-21T17:28:41.180396+00:00,3,100.0,42776.0,49140.0,295.443,73,formal-mixed_50p50d-colocated_4replica-r8-rep1,colocated_4replica,mixed_50p50d,8.0,64,pynvml
2026-06-21T17:28:41.684390+00:00,0,100.0,42776.0,49140.0,296.512,66,formal-mixed_50p50d-colocated_4replica-r8-rep1,colocated_4replica,mixed_50p50d,8.0,64,pynvml
2026-06-21T17:28:41.684390+00:00,1,100.0,42776.0,49140.0,297.642,75,formal-mixed_50p50d-colocated_4replica-r8-rep1,colocated_4replica,mixed_50p50d,8.0,64,pynvml
2026-06-21T17:28:41.684390+00:00,2,100.0,42776.0,49140.0,295.53,66,formal-mixed_50p50d-colocated_4replica-r8-rep1,colocated_4replica,mixed_50p50d,8.0,64,pynvml
2026-06-21T17:28:41.684390+00:00,3,100.0,42776.0,49140.0,292.408,73,formal-mixed_50p50d-colocated_4replica-r8-rep1,colocated_4replica,mixed_50p50d,8.0,64,pynvml
2026-06-21T17:28:42.188394+00:00,0,100.0,42776.0,49140.0,295.609,65,formal-mixed_50p50d-colocated_4replica-r8-rep1,colocated_4replica,mixed_50p50d,8.0,64,pynvml
2026-06-21T17:28:42.188394+00:00,1,100.0,42776.0,49140.0,298.424,75,formal-mixed_50p50d-colocated_4replica-r8-rep1,colocated_4replica,mixed_50p50d,8.0,64,pynvml
2026-06-21T17:28:42.188394+00:00,2,100.0,42776.0,49140.0,294.219,66,formal-mixed_50p50d-colocated_4replica-r8-rep1,colocated_4replica,mixed_50p50d,8.0,64,pynvml
2026-06-21T17:28:42.188394+00:00,3,100.0,42776.0,49140.0,298.477,73,formal-mixed_50p50d-colocated_4replica-r8-rep1,colocated_4replica,mixed_50p50d,8.0,64,pynvml
2026-06-21T17:28:42.713961+00:00,0,100.0,42776.0,49140.0,293.188,66,formal-mixed_50p50d-colocated_4replica-r8-rep1,colocated_4replica,mixed_50p50d,8.0,64,pynvml
2026-06-21T17:28:42.713961+00:00,1,100.0,42776.0,49140.0,296.069,75,formal-mixed_50p50d-colocated_4replica-r8-rep1,colocated_4replica,mixed_50p50d,8.0,64,pynvml
2026-06-21T17:28:42.713961+00:00,2,100.0,42776.0,49140.0,294.492,66,formal-mixed_50p50d-colocated_4replica-r8-rep1,colocated_4replica,mixed_50p50d,8.0,64,pynvml
2026-06-21T17:28:42.713961+00:00,3,100.0,42776.0,49140.0,293.958,73,formal-mixed_50p50d-colocated_4replica-r8-rep1,colocated_4replica,mixed_50p50d,8.0,64,pynvml
2026-06-21T17:28:43.225010+00:00,0,100.0,42776.0,49140.0,297.37,65,formal-mixed_50p50d-colocated_4replica-r8-rep1,colocated_4replica,mixed_50p50d,8.0,64,pynvml
2026-06-21T17:28:43.225010+00:00,1,100.0,42776.0,49140.0,298.519,76,formal-mixed_50p50d-colocated_4replica-r8-rep1,colocated_4replica,mixed_50p50d,8.0,64,pynvml
2026-06-21T17:28:43.225010+00:00,2,100.0,42776.0,49140.0,294.352,66,formal-mixed_50p50d-colocated_4replica-r8-rep1,colocated_4replica,mixed_50p50d,8.0,64,pynvml
2026-06-21T17:28:43.225010+00:00,3,100.0,42776.0,49140.0,299.601,73,formal-mixed_50p50d-colocated_4replica-r8-rep1,colocated_4replica,mixed_50p50d,8.0,64,pynvml
2026-06-21T17:28:43.728401+00:00,0,100.0,42776.0,49140.0,298.175,65,formal-mixed_50p50d-colocated_4replica-r8-rep1,colocated_4replica,mixed_50p50d,8.0,64,pynvml
2026-06-21T17:28:43.728401+00:00,1,100.0,42776.0,49140.0,300.034,75,formal-mixed_50p50d-colocated_4replica-r8-rep1,colocated_4replica,mixed_50p50d,8.0,64,pynvml
2026-06-21T17:28:43.728401+00:00,2,100.0,42776.0,49140.0,295.223,66,formal-mixed_50p50d-colocated_4replica-r8-rep1,colocated_4replica,mixed_50p50d,8.0,64,pynvml
2026-06-21T17:28:43.728401+00:00,3,100.0,42776.0,49140.0,294.956,73,formal-mixed_50p50d-colocated_4replica-r8-rep1,colocated_4replica,mixed_50p50d,8.0,64,pynvml
2026-06-21T17:28:44.232395+00:00,0,100.0,42776.0,49140.0,292.87,65,formal-mixed_50p50d-colocated_4replica-r8-rep1,colocated_4replica,mixed_50p50d,8.0,64,pynvml
2026-06-21T17:28:44.232395+00:00,1,100.0,42776.0,49140.0,294.565,75,formal-mixed_50p50d-colocated_4replica-r8-rep1,colocated_4replica,mixed_50p50d,8.0,64,pynvml
2026-06-21T17:28:44.232395+00:00,2,100.0,42776.0,49140.0,293.697,66,formal-mixed_50p50d-colocated_4replica-r8-rep1,colocated_4replica,mixed_50p50d,8.0,64,pynvml
2026-06-21T17:28:44.232395+00:00,3,100.0,42776.0,49140.0,295.35,73,formal-mixed_50p50d-colocated_4replica-r8-rep1,colocated_4replica,mixed_50p50d,8.0,64,pynvml
2026-06-21T17:28:44.736089+00:00,0,100.0,42776.0,49140.0,297.728,65,formal-mixed_50p50d-colocated_4replica-r8-rep1,colocated_4replica,mixed_50p50d,8.0,64,pynvml
2026-06-21T17:28:44.736089+00:00,1,100.0,42776.0,49140.0,295.867,75,formal-mixed_50p50d-colocated_4replica-r8-rep1,colocated_4replica,mixed_50p50d,8.0,64,pynvml
2026-06-21T17:28:44.736089+00:00,2,100.0,42776.0,49140.0,290.706,66,formal-mixed_50p50d-colocated_4replica-r8-rep1,colocated_4replica,mixed_50p50d,8.0,64,pynvml
2026-06-21T17:28:44.736089+00:00,3,100.0,42776.0,49140.0,298.834,73,formal-mixed_50p50d-colocated_4replica-r8-rep1,colocated_4replica,mixed_50p50d,8.0,64,pynvml
2026-06-21T17:28:45.239396+00:00,0,100.0,42776.0,49140.0,294.08,65,formal-mixed_50p50d-colocated_4replica-r8-rep1,colocated_4replica,mixed_50p50d,8.0,64,pynvml
2026-06-21T17:28:45.239396+00:00,1,100.0,42776.0,49140.0,296.816,74,formal-mixed_50p50d-colocated_4replica-r8-rep1,colocated_4replica,mixed_50p50d,8.0,64,pynvml
2026-06-21T17:28:45.239396+00:00,2,100.0,42776.0,49140.0,302.241,66,formal-mixed_50p50d-colocated_4replica-r8-rep1,colocated_4replica,mixed_50p50d,8.0,64,pynvml
2026-06-21T17:28:45.239396+00:00,3,100.0,42776.0,49140.0,294.294,73,formal-mixed_50p50d-colocated_4replica-r8-rep1,colocated_4replica,mixed_50p50d,8.0,64,pynvml
2026-06-21T17:28:45.743131+00:00,0,100.0,42776.0,49140.0,295.323,65,formal-mixed_50p50d-colocated_4replica-r8-rep1,colocated_4replica,mixed_50p50d,8.0,64,pynvml
2026-06-21T17:28:45.743131+00:00,1,100.0,42776.0,49140.0,299.162,74,formal-mixed_50p50d-colocated_4replica-r8-rep1,colocated_4replica,mixed_50p50d,8.0,64,pynvml
2026-06-21T17:28:45.743131+00:00,2,100.0,42776.0,49140.0,299.001,66,formal-mixed_50p50d-colocated_4replica-r8-rep1,colocated_4replica,mixed_50p50d,8.0,64,pynvml
2026-06-21T17:28:45.743131+00:00,3,100.0,42776.0,49140.0,298.958,73,formal-mixed_50p50d-colocated_4replica-r8-rep1,colocated_4replica,mixed_50p50d,8.0,64,pynvml
2026-06-21T17:28:46.247126+00:00,0,100.0,42776.0,49140.0,298.904,65,formal-mixed_50p50d-colocated_4replica-r8-rep1,colocated_4replica,mixed_50p50d,8.0,64,pynvml
2026-06-21T17:28:46.247126+00:00,1,100.0,42776.0,49140.0,299.105,75,formal-mixed_50p50d-colocated_4replica-r8-rep1,colocated_4replica,mixed_50p50d,8.0,64,pynvml
2026-06-21T17:28:46.247126+00:00,2,100.0,42776.0,49140.0,293.95,66,formal-mixed_50p50d-colocated_4replica-r8-rep1,colocated_4replica,mixed_50p50d,8.0,64,pynvml
2026-06-21T17:28:46.247126+00:00,3,100.0,42776.0,49140.0,295.118,73,formal-mixed_50p50d-colocated_4replica-r8-rep1,colocated_4replica,mixed_50p50d,8.0,64,pynvml
2026-06-21T17:28:46.751738+00:00,0,100.0,42776.0,49140.0,293.942,65,formal-mixed_50p50d-colocated_4replica-r8-rep1,colocated_4replica,mixed_50p50d,8.0,64,pynvml
2026-06-21T17:28:46.751738+00:00,1,100.0,42776.0,49140.0,296.418,74,formal-mixed_50p50d-colocated_4replica-r8-rep1,colocated_4replica,mixed_50p50d,8.0,64,pynvml
2026-06-21T17:28:46.751738+00:00,2,100.0,42776.0,49140.0,294.511,66,formal-mixed_50p50d-colocated_4replica-r8-rep1,colocated_4replica,mixed_50p50d,8.0,64,pynvml
2026-06-21T17:28:46.751738+00:00,3,100.0,42776.0,49140.0,292.891,73,formal-mixed_50p50d-colocated_4replica-r8-rep1,colocated_4replica,mixed_50p50d,8.0,64,pynvml
2026-06-21T17:28:47.255298+00:00,0,100.0,42776.0,49140.0,292.95,65,formal-mixed_50p50d-colocated_4replica-r8-rep1,colocated_4replica,mixed_50p50d,8.0,64,pynvml
2026-06-21T17:28:47.255298+00:00,1,100.0,42776.0,49140.0,294.315,74,formal-mixed_50p50d-colocated_4replica-r8-rep1,colocated_4replica,mixed_50p50d,8.0,64,pynvml
2026-06-21T17:28:47.255298+00:00,2,100.0,42776.0,49140.0,295.168,66,formal-mixed_50p50d-colocated_4replica-r8-rep1,colocated_4replica,mixed_50p50d,8.0,64,pynvml
2026-06-21T17:28:47.255298+00:00,3,100.0,42776.0,49140.0,302.463,73,formal-mixed_50p50d-colocated_4replica-r8-rep1,colocated_4replica,mixed_50p50d,8.0,64,pynvml
2026-06-21T17:28:47.759292+00:00,0,100.0,42776.0,49140.0,296.274,65,formal-mixed_50p50d-colocated_4replica-r8-rep1,colocated_4replica,mixed_50p50d,8.0,64,pynvml
2026-06-21T17:28:47.759292+00:00,1,100.0,42776.0,49140.0,294.767,74,formal-mixed_50p50d-colocated_4replica-r8-rep1,colocated_4replica,mixed_50p50d,8.0,64,pynvml
2026-06-21T17:28:47.759292+00:00,2,100.0,42776.0,49140.0,293.121,66,formal-mixed_50p50d-colocated_4replica-r8-rep1,colocated_4replica,mixed_50p50d,8.0,64,pynvml
2026-06-21T17:28:47.759292+00:00,3,100.0,42776.0,49140.0,299.23,73,formal-mixed_50p50d-colocated_4replica-r8-rep1,colocated_4replica,mixed_50p50d,8.0,64,pynvml
2026-06-21T17:28:48.263498+00:00,0,100.0,42776.0,49140.0,301.296,65,formal-mixed_50p50d-colocated_4replica-r8-rep1,colocated_4replica,mixed_50p50d,8.0,64,pynvml
2026-06-21T17:28:48.263498+00:00,1,100.0,42776.0,49140.0,299.587,74,formal-mixed_50p50d-colocated_4replica-r8-rep1,colocated_4replica,mixed_50p50d,8.0,64,pynvml
2026-06-21T17:28:48.263498+00:00,2,100.0,42776.0,49140.0,294.638,66,formal-mixed_50p50d-colocated_4replica-r8-rep1,colocated_4replica,mixed_50p50d,8.0,64,pynvml
2026-06-21T17:28:48.263498+00:00,3,100.0,42776.0,49140.0,296.184,73,formal-mixed_50p50d-colocated_4replica-r8-rep1,colocated_4replica,mixed_50p50d,8.0,64,pynvml
2026-06-21T17:28:48.767770+00:00,0,100.0,42776.0,49140.0,293.151,64,formal-mixed_50p50d-colocated_4replica-r8-rep1,colocated_4replica,mixed_50p50d,8.0,64,pynvml
2026-06-21T17:28:48.767770+00:00,1,100.0,42776.0,49140.0,299.289,74,formal-mixed_50p50d-colocated_4replica-r8-rep1,colocated_4replica,mixed_50p50d,8.0,64,pynvml
2026-06-21T17:28:48.767770+00:00,2,100.0,42776.0,49140.0,299.56,66,formal-mixed_50p50d-colocated_4replica-r8-rep1,colocated_4replica,mixed_50p50d,8.0,64,pynvml
2026-06-21T17:28:48.767770+00:00,3,100.0,42776.0,49140.0,298.946,72,formal-mixed_50p50d-colocated_4replica-r8-rep1,colocated_4replica,mixed_50p50d,8.0,64,pynvml
2026-06-21T17:28:49.272019+00:00,0,100.0,42776.0,49140.0,295.203,65,formal-mixed_50p50d-colocated_4replica-r8-rep1,colocated_4replica,mixed_50p50d,8.0,64,pynvml
2026-06-21T17:28:49.272019+00:00,1,100.0,42776.0,49140.0,299.549,74,formal-mixed_50p50d-colocated_4replica-r8-rep1,colocated_4replica,mixed_50p50d,8.0,64,pynvml
2026-06-21T17:28:49.272019+00:00,2,100.0,42776.0,49140.0,298.991,66,formal-mixed_50p50d-colocated_4replica-r8-rep1,colocated_4replica,mixed_50p50d,8.0,64,pynvml
2026-06-21T17:28:49.272019+00:00,3,100.0,42776.0,49140.0,293.286,72,formal-mixed_50p50d-colocated_4replica-r8-rep1,colocated_4replica,mixed_50p50d,8.0,64,pynvml
2026-06-21T17:28:49.775663+00:00,0,100.0,42776.0,49140.0,292.747,65,formal-mixed_50p50d-colocated_4replica-r8-rep1,colocated_4replica,mixed_50p50d,8.0,64,pynvml
2026-06-21T17:28:49.775663+00:00,1,100.0,42776.0,49140.0,295.432,74,formal-mixed_50p50d-colocated_4replica-r8-rep1,colocated_4replica,mixed_50p50d,8.0,64,pynvml
2026-06-21T17:28:49.775663+00:00,2,100.0,42776.0,49140.0,299.522,66,formal-mixed_50p50d-colocated_4replica-r8-rep1,colocated_4replica,mixed_50p50d,8.0,64,pynvml
2026-06-21T17:28:49.775663+00:00,3,100.0,42776.0,49140.0,290.347,72,formal-mixed_50p50d-colocated_4replica-r8-rep1,colocated_4replica,mixed_50p50d,8.0,64,pynvml
2026-06-21T17:28:50.278739+00:00,0,100.0,42776.0,49140.0,302.681,65,formal-mixed_50p50d-colocated_4replica-r8-rep1,colocated_4replica,mixed_50p50d,8.0,64,pynvml
2026-06-21T17:28:50.278739+00:00,1,100.0,42776.0,49140.0,299.213,74,formal-mixed_50p50d-colocated_4replica-r8-rep1,colocated_4replica,mixed_50p50d,8.0,64,pynvml
2026-06-21T17:28:50.278739+00:00,2,100.0,42776.0,49140.0,298.572,65,formal-mixed_50p50d-colocated_4replica-r8-rep1,colocated_4replica,mixed_50p50d,8.0,64,pynvml
2026-06-21T17:28:50.278739+00:00,3,100.0,42776.0,49140.0,297.199,71,formal-mixed_50p50d-colocated_4replica-r8-rep1,colocated_4replica,mixed_50p50d,8.0,64,pynvml
2026-06-21T17:28:50.783107+00:00,0,100.0,42776.0,49140.0,294.69,65,formal-mixed_50p50d-colocated_4replica-r8-rep1,colocated_4replica,mixed_50p50d,8.0,64,pynvml
2026-06-21T17:28:50.783107+00:00,1,100.0,42776.0,49140.0,295.3,74,formal-mixed_50p50d-colocated_4replica-r8-rep1,colocated_4replica,mixed_50p50d,8.0,64,pynvml
2026-06-21T17:28:50.783107+00:00,2,100.0,42776.0,49140.0,294.036,65,formal-mixed_50p50d-colocated_4replica-r8-rep1,colocated_4replica,mixed_50p50d,8.0,64,pynvml
2026-06-21T17:28:50.783107+00:00,3,100.0,42776.0,49140.0,298.473,72,formal-mixed_50p50d-colocated_4replica-r8-rep1,colocated_4replica,mixed_50p50d,8.0,64,pynvml
2026-06-21T17:28:51.287449+00:00,0,100.0,42776.0,49140.0,297.13,65,formal-mixed_50p50d-colocated_4replica-r8-rep1,colocated_4replica,mixed_50p50d,8.0,64,pynvml
2026-06-21T17:28:51.287449+00:00,1,100.0,42776.0,49140.0,294.942,73,formal-mixed_50p50d-colocated_4replica-r8-rep1,colocated_4replica,mixed_50p50d,8.0,64,pynvml
2026-06-21T17:28:51.287449+00:00,2,100.0,42776.0,49140.0,292.422,66,formal-mixed_50p50d-colocated_4replica-r8-rep1,colocated_4replica,mixed_50p50d,8.0,64,pynvml
2026-06-21T17:28:51.287449+00:00,3,100.0,42776.0,49140.0,290.274,72,formal-mixed_50p50d-colocated_4replica-r8-rep1,colocated_4replica,mixed_50p50d,8.0,64,pynvml
2026-06-21T17:28:51.791424+00:00,0,100.0,42776.0,49140.0,298.247,65,formal-mixed_50p50d-colocated_4replica-r8-rep1,colocated_4replica,mixed_50p50d,8.0,64,pynvml
2026-06-21T17:28:51.791424+00:00,1,100.0,42776.0,49140.0,299.533,74,formal-mixed_50p50d-colocated_4replica-r8-rep1,colocated_4replica,mixed_50p50d,8.0,64,pynvml
2026-06-21T17:28:51.791424+00:00,2,100.0,42776.0,49140.0,297.826,64,formal-mixed_50p50d-colocated_4replica-r8-rep1,colocated_4replica,mixed_50p50d,8.0,64,pynvml
2026-06-21T17:28:51.791424+00:00,3,100.0,42776.0,49140.0,294.421,72,formal-mixed_50p50d-colocated_4replica-r8-rep1,colocated_4replica,mixed_50p50d,8.0,64,pynvml
2026-06-21T17:28:52.294551+00:00,0,100.0,42776.0,49140.0,297.629,65,formal-mixed_50p50d-colocated_4replica-r8-rep1,colocated_4replica,mixed_50p50d,8.0,64,pynvml
2026-06-21T17:28:52.294551+00:00,1,100.0,42776.0,49140.0,295.171,73,formal-mixed_50p50d-colocated_4replica-r8-rep1,colocated_4replica,mixed_50p50d,8.0,64,pynvml
2026-06-21T17:28:52.294551+00:00,2,100.0,42776.0,49140.0,295.168,65,formal-mixed_50p50d-colocated_4replica-r8-rep1,colocated_4replica,mixed_50p50d,8.0,64,pynvml
2026-06-21T17:28:52.294551+00:00,3,100.0,42776.0,49140.0,293.492,72,formal-mixed_50p50d-colocated_4replica-r8-rep1,colocated_4replica,mixed_50p50d,8.0,64,pynvml
2026-06-21T17:28:52.798008+00:00,0,100.0,42776.0,49140.0,299.301,64,formal-mixed_50p50d-colocated_4replica-r8-rep1,colocated_4replica,mixed_50p50d,8.0,64,pynvml
2026-06-21T17:28:52.798008+00:00,1,100.0,42776.0,49140.0,299.481,74,formal-mixed_50p50d-colocated_4replica-r8-rep1,colocated_4replica,mixed_50p50d,8.0,64,pynvml
2026-06-21T17:28:52.798008+00:00,2,100.0,42776.0,49140.0,294.465,65,formal-mixed_50p50d-colocated_4replica-r8-rep1,colocated_4replica,mixed_50p50d,8.0,64,pynvml
2026-06-21T17:28:52.798008+00:00,3,100.0,42776.0,49140.0,299.492,72,formal-mixed_50p50d-colocated_4replica-r8-rep1,colocated_4replica,mixed_50p50d,8.0,64,pynvml
2026-06-21T17:28:53.304396+00:00,0,100.0,42776.0,49140.0,298.21,64,formal-mixed_50p50d-colocated_4replica-r8-rep1,colocated_4replica,mixed_50p50d,8.0,64,pynvml
2026-06-21T17:28:53.304396+00:00,1,100.0,42776.0,49140.0,298.086,73,formal-mixed_50p50d-colocated_4replica-r8-rep1,colocated_4replica,mixed_50p50d,8.0,64,pynvml
2026-06-21T17:28:53.304396+00:00,2,100.0,42776.0,49140.0,299.795,65,formal-mixed_50p50d-colocated_4replica-r8-rep1,colocated_4replica,mixed_50p50d,8.0,64,pynvml
2026-06-21T17:28:53.304396+00:00,3,100.0,42776.0,49140.0,298.583,72,formal-mixed_50p50d-colocated_4replica-r8-rep1,colocated_4replica,mixed_50p50d,8.0,64,pynvml
2026-06-21T17:28:53.808416+00:00,0,100.0,42776.0,49140.0,299.313,64,formal-mixed_50p50d-colocated_4replica-r8-rep1,colocated_4replica,mixed_50p50d,8.0,64,pynvml
2026-06-21T17:28:53.808416+00:00,1,100.0,42776.0,49140.0,299.435,73,formal-mixed_50p50d-colocated_4replica-r8-rep1,colocated_4replica,mixed_50p50d,8.0,64,pynvml
2026-06-21T17:28:53.808416+00:00,2,100.0,42776.0,49140.0,297.815,65,formal-mixed_50p50d-colocated_4replica-r8-rep1,colocated_4replica,mixed_50p50d,8.0,64,pynvml
2026-06-21T17:28:53.808416+00:00,3,100.0,42776.0,49140.0,298.394,72,formal-mixed_50p50d-colocated_4replica-r8-rep1,colocated_4replica,mixed_50p50d,8.0,64,pynvml
2026-06-21T17:28:54.312390+00:00,0,100.0,42776.0,49140.0,299.439,64,formal-mixed_50p50d-colocated_4replica-r8-rep1,colocated_4replica,mixed_50p50d,8.0,64,pynvml
2026-06-21T17:28:54.312390+00:00,1,100.0,42776.0,49140.0,298.591,73,formal-mixed_50p50d-colocated_4replica-r8-rep1,colocated_4replica,mixed_50p50d,8.0,64,pynvml
2026-06-21T17:28:54.312390+00:00,2,100.0,42776.0,49140.0,299.486,65,formal-mixed_50p50d-colocated_4replica-r8-rep1,colocated_4replica,mixed_50p50d,8.0,64,pynvml
2026-06-21T17:28:54.312390+00:00,3,100.0,42776.0,49140.0,298.989,72,formal-mixed_50p50d-colocated_4replica-r8-rep1,colocated_4replica,mixed_50p50d,8.0,64,pynvml
2026-06-21T17:28:54.815512+00:00,0,100.0,42776.0,49140.0,298.992,64,formal-mixed_50p50d-colocated_4replica-r8-rep1,colocated_4replica,mixed_50p50d,8.0,64,pynvml
2026-06-21T17:28:54.815512+00:00,1,100.0,42776.0,49140.0,298.568,73,formal-mixed_50p50d-colocated_4replica-r8-rep1,colocated_4replica,mixed_50p50d,8.0,64,pynvml
2026-06-21T17:28:54.815512+00:00,2,100.0,42776.0,49140.0,298.543,65,formal-mixed_50p50d-colocated_4replica-r8-rep1,colocated_4replica,mixed_50p50d,8.0,64,pynvml
2026-06-21T17:28:54.815512+00:00,3,100.0,42776.0,49140.0,299.455,72,formal-mixed_50p50d-colocated_4replica-r8-rep1,colocated_4replica,mixed_50p50d,8.0,64,pynvml
2026-06-21T17:28:55.319815+00:00,0,100.0,42776.0,49140.0,299.377,64,formal-mixed_50p50d-colocated_4replica-r8-rep1,colocated_4replica,mixed_50p50d,8.0,64,pynvml
2026-06-21T17:28:55.319815+00:00,1,100.0,42776.0,49140.0,298.254,73,formal-mixed_50p50d-colocated_4replica-r8-rep1,colocated_4replica,mixed_50p50d,8.0,64,pynvml
2026-06-21T17:28:55.319815+00:00,2,100.0,42776.0,49140.0,299.272,65,formal-mixed_50p50d-colocated_4replica-r8-rep1,colocated_4replica,mixed_50p50d,8.0,64,pynvml
2026-06-21T17:28:55.319815+00:00,3,100.0,42776.0,49140.0,299.191,72,formal-mixed_50p50d-colocated_4replica-r8-rep1,colocated_4replica,mixed_50p50d,8.0,64,pynvml
2026-06-21T17:28:55.823515+00:00,0,100.0,42776.0,49140.0,299.406,64,formal-mixed_50p50d-colocated_4replica-r8-rep1,colocated_4replica,mixed_50p50d,8.0,64,pynvml
2026-06-21T17:28:55.823515+00:00,1,100.0,42776.0,49140.0,298.957,73,formal-mixed_50p50d-colocated_4replica-r8-rep1,colocated_4replica,mixed_50p50d,8.0,64,pynvml
2026-06-21T17:28:55.823515+00:00,2,100.0,42776.0,49140.0,298.581,65,formal-mixed_50p50d-colocated_4replica-r8-rep1,colocated_4replica,mixed_50p50d,8.0,64,pynvml
2026-06-21T17:28:55.823515+00:00,3,100.0,42776.0,49140.0,299.306,72,formal-mixed_50p50d-colocated_4replica-r8-rep1,colocated_4replica,mixed_50p50d,8.0,64,pynvml
2026-06-21T17:28:56.327413+00:00,0,100.0,42776.0,49140.0,299.356,64,formal-mixed_50p50d-colocated_4replica-r8-rep1,colocated_4replica,mixed_50p50d,8.0,64,pynvml
2026-06-21T17:28:56.327413+00:00,1,100.0,42776.0,49140.0,299.033,73,formal-mixed_50p50d-colocated_4replica-r8-rep1,colocated_4replica,mixed_50p50d,8.0,64,pynvml
2026-06-21T17:28:56.327413+00:00,2,100.0,42776.0,49140.0,298.957,65,formal-mixed_50p50d-colocated_4replica-r8-rep1,colocated_4replica,mixed_50p50d,8.0,64,pynvml
2026-06-21T17:28:56.327413+00:00,3,100.0,42776.0,49140.0,299.123,71,formal-mixed_50p50d-colocated_4replica-r8-rep1,colocated_4replica,mixed_50p50d,8.0,64,pynvml
2026-06-21T17:28:56.831223+00:00,0,100.0,42776.0,49140.0,299.449,64,formal-mixed_50p50d-colocated_4replica-r8-rep1,colocated_4replica,mixed_50p50d,8.0,64,pynvml
2026-06-21T17:28:56.831223+00:00,1,100.0,42776.0,49140.0,299.385,73,formal-mixed_50p50d-colocated_4replica-r8-rep1,colocated_4replica,mixed_50p50d,8.0,64,pynvml
2026-06-21T17:28:56.831223+00:00,2,100.0,42776.0,49140.0,298.589,65,formal-mixed_50p50d-colocated_4replica-r8-rep1,colocated_4replica,mixed_50p50d,8.0,64,pynvml
2026-06-21T17:28:56.831223+00:00,3,100.0,42776.0,49140.0,299.581,71,formal-mixed_50p50d-colocated_4replica-r8-rep1,colocated_4replica,mixed_50p50d,8.0,64,pynvml
2026-06-21T17:28:57.334961+00:00,0,100.0,42776.0,49140.0,299.753,64,formal-mixed_50p50d-colocated_4replica-r8-rep1,colocated_4replica,mixed_50p50d,8.0,64,pynvml
2026-06-21T17:28:57.334961+00:00,1,100.0,42776.0,49140.0,299.105,73,formal-mixed_50p50d-colocated_4replica-r8-rep1,colocated_4replica,mixed_50p50d,8.0,64,pynvml
2026-06-21T17:28:57.334961+00:00,2,100.0,42776.0,49140.0,299.039,65,formal-mixed_50p50d-colocated_4replica-r8-rep1,colocated_4replica,mixed_50p50d,8.0,64,pynvml
2026-06-21T17:28:57.334961+00:00,3,100.0,42776.0,49140.0,299.13,71,formal-mixed_50p50d-colocated_4replica-r8-rep1,colocated_4replica,mixed_50p50d,8.0,64,pynvml
2026-06-21T17:28:57.839330+00:00,0,100.0,42776.0,49140.0,299.092,64,formal-mixed_50p50d-colocated_4replica-r8-rep1,colocated_4replica,mixed_50p50d,8.0,64,pynvml
2026-06-21T17:28:57.839330+00:00,1,100.0,42776.0,49140.0,299.035,73,formal-mixed_50p50d-colocated_4replica-r8-rep1,colocated_4replica,mixed_50p50d,8.0,64,pynvml
2026-06-21T17:28:57.839330+00:00,2,100.0,42776.0,49140.0,298.381,65,formal-mixed_50p50d-colocated_4replica-r8-rep1,colocated_4replica,mixed_50p50d,8.0,64,pynvml
2026-06-21T17:28:57.839330+00:00,3,100.0,42776.0,49140.0,299.547,71,formal-mixed_50p50d-colocated_4replica-r8-rep1,colocated_4replica,mixed_50p50d,8.0,64,pynvml
2026-06-21T17:28:58.343406+00:00,0,100.0,42776.0,49140.0,299.34,64,formal-mixed_50p50d-colocated_4replica-r8-rep1,colocated_4replica,mixed_50p50d,8.0,64,pynvml
2026-06-21T17:28:58.343406+00:00,1,100.0,42776.0,49140.0,298.927,73,formal-mixed_50p50d-colocated_4replica-r8-rep1,colocated_4replica,mixed_50p50d,8.0,64,pynvml
2026-06-21T17:28:58.343406+00:00,2,100.0,42776.0,49140.0,298.81,65,formal-mixed_50p50d-colocated_4replica-r8-rep1,colocated_4replica,mixed_50p50d,8.0,64,pynvml
2026-06-21T17:28:58.343406+00:00,3,100.0,42776.0,49140.0,298.935,71,formal-mixed_50p50d-colocated_4replica-r8-rep1,colocated_4replica,mixed_50p50d,8.0,64,pynvml
2026-06-21T17:28:58.848145+00:00,0,100.0,42776.0,49140.0,299.22,64,formal-mixed_50p50d-colocated_4replica-r8-rep1,colocated_4replica,mixed_50p50d,8.0,64,pynvml
2026-06-21T17:28:58.848145+00:00,1,100.0,42776.0,49140.0,299.236,73,formal-mixed_50p50d-colocated_4replica-r8-rep1,colocated_4replica,mixed_50p50d,8.0,64,pynvml
2026-06-21T17:28:58.848145+00:00,2,100.0,42776.0,49140.0,297.766,65,formal-mixed_50p50d-colocated_4replica-r8-rep1,colocated_4replica,mixed_50p50d,8.0,64,pynvml
2026-06-21T17:28:58.848145+00:00,3,100.0,42776.0,49140.0,299.113,71,formal-mixed_50p50d-colocated_4replica-r8-rep1,colocated_4replica,mixed_50p50d,8.0,64,pynvml
2026-06-21T17:28:59.351618+00:00,0,100.0,42776.0,49140.0,299.52,64,formal-mixed_50p50d-colocated_4replica-r8-rep1,colocated_4replica,mixed_50p50d,8.0,64,pynvml
2026-06-21T17:28:59.351618+00:00,1,100.0,42776.0,49140.0,298.927,73,formal-mixed_50p50d-colocated_4replica-r8-rep1,colocated_4replica,mixed_50p50d,8.0,64,pynvml
2026-06-21T17:28:59.351618+00:00,2,100.0,42776.0,49140.0,298.969,65,formal-mixed_50p50d-colocated_4replica-r8-rep1,colocated_4replica,mixed_50p50d,8.0,64,pynvml
2026-06-21T17:28:59.351618+00:00,3,100.0,42776.0,49140.0,298.917,71,formal-mixed_50p50d-colocated_4replica-r8-rep1,colocated_4replica,mixed_50p50d,8.0,64,pynvml
2026-06-21T17:28:59.855430+00:00,0,100.0,42776.0,49140.0,298.741,64,formal-mixed_50p50d-colocated_4replica-r8-rep1,colocated_4replica,mixed_50p50d,8.0,64,pynvml
2026-06-21T17:28:59.855430+00:00,1,100.0,42776.0,49140.0,298.568,73,formal-mixed_50p50d-colocated_4replica-r8-rep1,colocated_4replica,mixed_50p50d,8.0,64,pynvml
2026-06-21T17:28:59.855430+00:00,2,100.0,42776.0,49140.0,298.968,64,formal-mixed_50p50d-colocated_4replica-r8-rep1,colocated_4replica,mixed_50p50d,8.0,64,pynvml
2026-06-21T17:28:59.855430+00:00,3,100.0,42776.0,49140.0,299.5,71,formal-mixed_50p50d-colocated_4replica-r8-rep1,colocated_4replica,mixed_50p50d,8.0,64,pynvml
2026-06-21T17:29:00.360398+00:00,0,100.0,42776.0,49140.0,299.619,64,formal-mixed_50p50d-colocated_4replica-r8-rep1,colocated_4replica,mixed_50p50d,8.0,64,pynvml
2026-06-21T17:29:00.360398+00:00,1,100.0,42776.0,49140.0,298.995,73,formal-mixed_50p50d-colocated_4replica-r8-rep1,colocated_4replica,mixed_50p50d,8.0,64,pynvml
2026-06-21T17:29:00.360398+00:00,2,100.0,42776.0,49140.0,299.08,65,formal-mixed_50p50d-colocated_4replica-r8-rep1,colocated_4replica,mixed_50p50d,8.0,64,pynvml
2026-06-21T17:29:00.360398+00:00,3,100.0,42776.0,49140.0,298.947,71,formal-mixed_50p50d-colocated_4replica-r8-rep1,colocated_4replica,mixed_50p50d,8.0,64,pynvml
2026-06-21T17:29:00.864371+00:00,0,100.0,42776.0,49140.0,298.982,64,formal-mixed_50p50d-colocated_4replica-r8-rep1,colocated_4replica,mixed_50p50d,8.0,64,pynvml
2026-06-21T17:29:00.864371+00:00,1,100.0,42776.0,49140.0,298.815,73,formal-mixed_50p50d-colocated_4replica-r8-rep1,colocated_4replica,mixed_50p50d,8.0,64,pynvml
2026-06-21T17:29:00.864371+00:00,2,100.0,42776.0,49140.0,299.094,64,formal-mixed_50p50d-colocated_4replica-r8-rep1,colocated_4replica,mixed_50p50d,8.0,64,pynvml
2026-06-21T17:29:00.864371+00:00,3,100.0,42776.0,49140.0,299.061,71,formal-mixed_50p50d-colocated_4replica-r8-rep1,colocated_4replica,mixed_50p50d,8.0,64,pynvml
2026-06-21T17:29:01.368395+00:00,0,100.0,42776.0,49140.0,299.299,64,formal-mixed_50p50d-colocated_4replica-r8-rep1,colocated_4replica,mixed_50p50d,8.0,64,pynvml
2026-06-21T17:29:01.368395+00:00,1,100.0,42776.0,49140.0,298.961,73,formal-mixed_50p50d-colocated_4replica-r8-rep1,colocated_4replica,mixed_50p50d,8.0,64,pynvml
2026-06-21T17:29:01.368395+00:00,2,100.0,42776.0,49140.0,298.852,64,formal-mixed_50p50d-colocated_4replica-r8-rep1,colocated_4replica,mixed_50p50d,8.0,64,pynvml
2026-06-21T17:29:01.368395+00:00,3,100.0,42776.0,49140.0,298.845,71,formal-mixed_50p50d-colocated_4replica-r8-rep1,colocated_4replica,mixed_50p50d,8.0,64,pynvml
2026-06-21T17:29:01.872403+00:00,0,30.0,42776.0,49140.0,275.184,60,formal-mixed_50p50d-colocated_4replica-r8-rep1,colocated_4replica,mixed_50p50d,8.0,64,pynvml
2026-06-21T17:29:01.872403+00:00,1,100.0,42776.0,49140.0,298.862,72,formal-mixed_50p50d-colocated_4replica-r8-rep1,colocated_4replica,mixed_50p50d,8.0,64,pynvml
2026-06-21T17:29:01.872403+00:00,2,100.0,42776.0,49140.0,298.816,64,formal-mixed_50p50d-colocated_4replica-r8-rep1,colocated_4replica,mixed_50p50d,8.0,64,pynvml
2026-06-21T17:29:01.872403+00:00,3,100.0,42776.0,49140.0,299.133,71,formal-mixed_50p50d-colocated_4replica-r8-rep1,colocated_4replica,mixed_50p50d,8.0,64,pynvml
2026-06-21T17:29:02.376399+00:00,0,0.0,42776.0,49140.0,186.388,60,formal-mixed_50p50d-colocated_4replica-r8-rep1,colocated_4replica,mixed_50p50d,8.0,64,pynvml
2026-06-21T17:29:02.376399+00:00,1,100.0,42776.0,49140.0,298.842,72,formal-mixed_50p50d-colocated_4replica-r8-rep1,colocated_4replica,mixed_50p50d,8.0,64,pynvml
2026-06-21T17:29:02.376399+00:00,2,100.0,42776.0,49140.0,298.846,64,formal-mixed_50p50d-colocated_4replica-r8-rep1,colocated_4replica,mixed_50p50d,8.0,64,pynvml
2026-06-21T17:29:02.376399+00:00,3,100.0,42776.0,49140.0,298.85,71,formal-mixed_50p50d-colocated_4replica-r8-rep1,colocated_4replica,mixed_50p50d,8.0,64,pynvml
2026-06-21T17:29:02.880169+00:00,0,0.0,42776.0,49140.0,132.759,59,formal-mixed_50p50d-colocated_4replica-r8-rep1,colocated_4replica,mixed_50p50d,8.0,64,pynvml
2026-06-21T17:29:02.880169+00:00,1,100.0,42776.0,49140.0,298.871,72,formal-mixed_50p50d-colocated_4replica-r8-rep1,colocated_4replica,mixed_50p50d,8.0,64,pynvml
2026-06-21T17:29:02.880169+00:00,2,0.0,42776.0,49140.0,257.983,60,formal-mixed_50p50d-colocated_4replica-r8-rep1,colocated_4replica,mixed_50p50d,8.0,64,pynvml
2026-06-21T17:29:02.880169+00:00,3,100.0,42776.0,49140.0,298.994,71,formal-mixed_50p50d-colocated_4replica-r8-rep1,colocated_4replica,mixed_50p50d,8.0,64,pynvml
2026-06-21T17:29:03.384413+00:00,0,0.0,42776.0,49140.0,132.759,59,formal-mixed_50p50d-colocated_4replica-r8-rep1,colocated_4replica,mixed_50p50d,8.0,64,pynvml
2026-06-21T17:29:03.384413+00:00,1,5.0,42776.0,49140.0,248.19,68,formal-mixed_50p50d-colocated_4replica-r8-rep1,colocated_4replica,mixed_50p50d,8.0,64,pynvml
2026-06-21T17:29:03.384413+00:00,2,0.0,42776.0,49140.0,164.861,60,formal-mixed_50p50d-colocated_4replica-r8-rep1,colocated_4replica,mixed_50p50d,8.0,64,pynvml
2026-06-21T17:29:03.384413+00:00,3,100.0,42776.0,49140.0,298.959,71,formal-mixed_50p50d-colocated_4replica-r8-rep1,colocated_4replica,mixed_50p50d,8.0,64,pynvml
2026-06-21T17:29:03.888231+00:00,0,0.0,42776.0,49140.0,101.183,58,formal-mixed_50p50d-colocated_4replica-r8-rep1,colocated_4replica,mixed_50p50d,8.0,64,pynvml
2026-06-21T17:29:03.888231+00:00,1,0.0,42776.0,49140.0,157.566,68,formal-mixed_50p50d-colocated_4replica-r8-rep1,colocated_4replica,mixed_50p50d,8.0,64,pynvml
2026-06-21T17:29:03.888231+00:00,2,0.0,42776.0,49140.0,127.46,59,formal-mixed_50p50d-colocated_4replica-r8-rep1,colocated_4replica,mixed_50p50d,8.0,64,pynvml
2026-06-21T17:29:03.888231+00:00,3,100.0,42776.0,49140.0,298.879,71,formal-mixed_50p50d-colocated_4replica-r8-rep1,colocated_4replica,mixed_50p50d,8.0,64,pynvml
2026-06-21T17:29:04.392005+00:00,0,0.0,42776.0,49140.0,101.183,58,formal-mixed_50p50d-colocated_4replica-r8-rep1,colocated_4replica,mixed_50p50d,8.0,64,pynvml
2026-06-21T17:29:04.392005+00:00,1,0.0,42776.0,49140.0,121.864,67,formal-mixed_50p50d-colocated_4replica-r8-rep1,colocated_4replica,mixed_50p50d,8.0,64,pynvml
2026-06-21T17:29:04.392005+00:00,2,0.0,42776.0,49140.0,127.46,59,formal-mixed_50p50d-colocated_4replica-r8-rep1,colocated_4replica,mixed_50p50d,8.0,64,pynvml
2026-06-21T17:29:04.392005+00:00,3,0.0,42776.0,49140.0,237.605,66,formal-mixed_50p50d-colocated_4replica-r8-rep1,colocated_4replica,mixed_50p50d,8.0,64,pynvml
