run_id,request_id,workload_name,workload_mode,request_type,serving_mode,result_type,connector,route_target,prompt_len_target,output_len_target,prompt_len_actual,output_len_actual,arrival_rate,concurrency,arrival_time,send_time,ttft_ms,tpot_ms,total_latency_ms,success,error_msg,prefix_caching_enabled,ttft_method,data_source,seed
formal-mixed_70p30d-real_pd_nixl_3p1d-r8-rep1,mixed_70p30d-synthetic_unique-000000,mixed_70p30d,synthetic_unique,prefill_heavy,real_pd_nixl_3p1d,real_disaggregated_pd,NixlConnector,http://127.0.0.1:8700/v1/completions,2048,64,2048,64,8.0,64,0.0,0.0043406011536717415,426.42038501799107,30.829779005476407,2368.6964623630047,True,,False,streaming_measured,measured,42
formal-mixed_70p30d-real_pd_nixl_3p1d-r8-rep1,mixed_70p30d-synthetic_unique-000001,mixed_70p30d,synthetic_unique,decode_heavy,real_pd_nixl_3p1d,real_disaggregated_pd,NixlConnector,http://127.0.0.1:8700/v1/completions,256,256,256,256,8.0,64,0.12750753590935013,0.12878275010734797,213.8612801209092,34.07755636920532,8903.638154268265,True,,False,streaming_measured,measured,42
formal-mixed_70p30d-real_pd_nixl_3p1d-r8-rep1,mixed_70p30d-synthetic_unique-000002,mixed_70p30d,synthetic_unique,prefill_heavy,real_pd_nixl_3p1d,real_disaggregated_pd,NixlConnector,http://127.0.0.1:8700/v1/completions,2048,64,2048,64,8.0,64,0.13067364078969249,0.13112598471343517,476.1148067191243,31.820444848447565,2480.802832171321,True,,False,streaming_measured,measured,42
formal-mixed_70p30d-real_pd_nixl_3p1d-r8-rep1,mixed_70p30d-synthetic_unique-000003,mixed_70p30d,synthetic_unique,prefill_heavy,real_pd_nixl_3p1d,real_disaggregated_pd,NixlConnector,http://127.0.0.1:8700/v1/completions,2048,64,2048,64,8.0,64,0.17087664879906317,0.17135146632790565,562.2069528326392,32.624702604990155,2617.563216947019,True,,False,streaming_measured,measured,42
formal-mixed_70p30d-real_pd_nixl_3p1d-r8-rep1,mixed_70p30d-synthetic_unique-000004,mixed_70p30d,synthetic_unique,prefill_heavy,real_pd_nixl_3p1d,real_disaggregated_pd,NixlConnector,http://127.0.0.1:8700/v1/completions,2048,64,2048,64,8.0,64,0.20244992200782735,0.2026502527296543,458.99242255836725,32.08659904166346,2480.4481621831656,True,,False,streaming_measured,measured,42
formal-mixed_70p30d-real_pd_nixl_3p1d-r8-rep1,mixed_70p30d-synthetic_unique-000005,mixed_70p30d,synthetic_unique,prefill_heavy,real_pd_nixl_3p1d,real_disaggregated_pd,NixlConnector,http://127.0.0.1:8700/v1/completions,2048,64,2048,64,8.0,64,0.3691490061088377,0.3701332090422511,1229.2177602648735,36.83148753193636,3549.601474776864,True,,False,streaming_measured,measured,42
formal-mixed_70p30d-real_pd_nixl_3p1d-r8-rep1,mixed_70p30d-synthetic_unique-000006,mixed_70p30d,synthetic_unique,prefill_heavy,real_pd_nixl_3p1d,real_disaggregated_pd,NixlConnector,http://127.0.0.1:8700/v1/completions,2048,64,2048,64,8.0,64,0.5102956322086618,0.5115450974553823,549.3831112980843,34.27832581043717,2708.9176373556256,True,,False,streaming_measured,measured,42
formal-mixed_70p30d-real_pd_nixl_3p1d-r8-rep1,mixed_70p30d-synthetic_unique-000007,mixed_70p30d,synthetic_unique,prefill_heavy,real_pd_nixl_3p1d,real_disaggregated_pd,NixlConnector,http://127.0.0.1:8700/v1/completions,4096,64,4096,64,8.0,64,0.7887066446525843,0.7898705899715424,899.027512408793,36.77808876252837,3216.04710444808,True,,False,streaming_measured,measured,42
formal-mixed_70p30d-real_pd_nixl_3p1d-r8-rep1,mixed_70p30d-synthetic_unique-000008,mixed_70p30d,synthetic_unique,decode_heavy,real_pd_nixl_3p1d,real_disaggregated_pd,NixlConnector,http://127.0.0.1:8700/v1/completions,256,256,256,256,8.0,64,0.800075695228405,0.8018011460080743,851.1579008772969,35.25792459281636,9841.92867204547,True,,False,streaming_measured,measured,42
formal-mixed_70p30d-real_pd_nixl_3p1d-r8-rep1,mixed_70p30d-synthetic_unique-000009,mixed_70p30d,synthetic_unique,prefill_heavy,real_pd_nixl_3p1d,real_disaggregated_pd,NixlConnector,http://127.0.0.1:8700/v1/completions,4096,64,4096,64,8.0,64,0.8685814651529664,0.8692221892997622,820.390404202044,36.772927668477806,3137.084847316146,True,,False,streaming_measured,measured,42
formal-mixed_70p30d-real_pd_nixl_3p1d-r8-rep1,mixed_70p30d-synthetic_unique-000010,mixed_70p30d,synthetic_unique,decode_heavy,real_pd_nixl_3p1d,real_disaggregated_pd,NixlConnector,http://127.0.0.1:8700/v1/completions,256,512,256,512,8.0,64,0.8723627373038862,0.8726991824805737,952.2694433107972,36.24140550318646,19471.62765543908,True,,False,streaming_measured,measured,42
formal-mixed_70p30d-real_pd_nixl_3p1d-r8-rep1,mixed_70p30d-synthetic_unique-000011,mixed_70p30d,synthetic_unique,decode_heavy,real_pd_nixl_3p1d,real_disaggregated_pd,NixlConnector,http://127.0.0.1:8700/v1/completions,256,256,256,256,8.0,64,0.9032023242988643,0.9037572229281068,750.1365803182125,35.256742846732045,9740.606006234884,True,,False,streaming_measured,measured,42
formal-mixed_70p30d-real_pd_nixl_3p1d-r8-rep1,mixed_70p30d-synthetic_unique-000012,mixed_70p30d,synthetic_unique,prefill_heavy,real_pd_nixl_3p1d,real_disaggregated_pd,NixlConnector,http://127.0.0.1:8700/v1/completions,2048,64,2048,64,8.0,64,0.9911917652821335,0.9926852071657777,1484.4551291316748,35.671412353477784,3731.754107400775,True,,False,streaming_measured,measured,42
formal-mixed_70p30d-real_pd_nixl_3p1d-r8-rep1,mixed_70p30d-synthetic_unique-000013,mixed_70p30d,synthetic_unique,decode_heavy,real_pd_nixl_3p1d,real_disaggregated_pd,NixlConnector,http://127.0.0.1:8700/v1/completions,256,256,256,256,8.0,64,0.9945535657421719,0.9951349478214979,830.840103328228,35.38857711223411,9854.927266947925,True,,False,streaming_measured,measured,42
formal-mixed_70p30d-real_pd_nixl_3p1d-r8-rep1,mixed_70p30d-synthetic_unique-000014,mixed_70p30d,synthetic_unique,decode_heavy,real_pd_nixl_3p1d,real_disaggregated_pd,NixlConnector,http://127.0.0.1:8700/v1/completions,256,256,256,256,8.0,64,1.022265024387632,1.0230117812752724,630.5635310709476,35.256556841526546,9620.985525660217,True,,False,streaming_measured,measured,42
formal-mixed_70p30d-real_pd_nixl_3p1d-r8-rep1,mixed_70p30d-synthetic_unique-000015,mixed_70p30d,synthetic_unique,prefill_heavy,real_pd_nixl_3p1d,real_disaggregated_pd,NixlConnector,http://127.0.0.1:8700/v1/completions,2048,64,2048,64,8.0,64,1.1534515245404535,1.1542334044352174,1319.5782471448183,35.71181807903543,3569.4227861240506,True,,False,streaming_measured,measured,42
formal-mixed_70p30d-real_pd_nixl_3p1d-r8-rep1,mixed_70p30d-synthetic_unique-000016,mixed_70p30d,synthetic_unique,prefill_heavy,real_pd_nixl_3p1d,real_disaggregated_pd,NixlConnector,http://127.0.0.1:8700/v1/completions,4096,64,4096,64,8.0,64,1.2518676813207537,1.252346595749259,1204.5000176876783,35.31302326905822,3429.220483638346,True,,False,streaming_measured,measured,42
formal-mixed_70p30d-real_pd_nixl_3p1d-r8-rep1,mixed_70p30d-synthetic_unique-000017,mixed_70p30d,synthetic_unique,prefill_heavy,real_pd_nixl_3p1d,real_disaggregated_pd,NixlConnector,http://127.0.0.1:8700/v1/completions,4096,64,4096,64,8.0,64,1.2829959836916065,1.2836914211511612,821.7685222625732,37.89747114633284,3209.309204481542,True,,False,streaming_measured,measured,42
formal-mixed_70p30d-real_pd_nixl_3p1d-r8-rep1,mixed_70p30d-synthetic_unique-000018,mixed_70p30d,synthetic_unique,prefill_heavy,real_pd_nixl_3p1d,real_disaggregated_pd,NixlConnector,http://127.0.0.1:8700/v1/completions,2048,64,2048,64,8.0,64,1.3942220719793268,1.3948651561513543,1151.5902150422335,35.66097785970048,3398.231820203364,True,,False,streaming_measured,measured,42
formal-mixed_70p30d-real_pd_nixl_3p1d-r8-rep1,mixed_70p30d-synthetic_unique-000019,mixed_70p30d,synthetic_unique,prefill_heavy,real_pd_nixl_3p1d,real_disaggregated_pd,NixlConnector,http://127.0.0.1:8700/v1/completions,2048,64,2048,64,8.0,64,1.601439333757214,1.603765917941928,907.7185662463307,35.54927829712156,3147.323098964989,True,,False,streaming_measured,measured,42
formal-mixed_70p30d-real_pd_nixl_3p1d-r8-rep1,mixed_70p30d-synthetic_unique-000020,mixed_70p30d,synthetic_unique,decode_heavy,real_pd_nixl_3p1d,real_disaggregated_pd,NixlConnector,http://127.0.0.1:8700/v1/completions,256,256,256,256,8.0,64,1.6022543298264973,1.6048413394019008,872.8996701538563,34.7827064822994,9742.489823140204,True,,False,streaming_measured,measured,42
formal-mixed_70p30d-real_pd_nixl_3p1d-r8-rep1,mixed_70p30d-synthetic_unique-000021,mixed_70p30d,synthetic_unique,decode_heavy,real_pd_nixl_3p1d,real_disaggregated_pd,NixlConnector,http://127.0.0.1:8700/v1/completions,256,512,256,512,8.0,64,1.8071250625878161,1.807964913547039,1083.445348776877,35.881288965650036,19418.784010224044,True,,False,streaming_measured,measured,42
formal-mixed_70p30d-real_pd_nixl_3p1d-r8-rep1,mixed_70p30d-synthetic_unique-000022,mixed_70p30d,synthetic_unique,decode_heavy,real_pd_nixl_3p1d,real_disaggregated_pd,NixlConnector,http://127.0.0.1:8700/v1/completions,256,256,256,256,8.0,64,1.9568488052095017,1.9575746953487396,553.6929750815034,34.722191464228956,9407.851798459888,True,,False,streaming_measured,measured,42
formal-mixed_70p30d-real_pd_nixl_3p1d-r8-rep1,mixed_70p30d-synthetic_unique-000023,mixed_70p30d,synthetic_unique,decode_heavy,real_pd_nixl_3p1d,real_disaggregated_pd,NixlConnector,http://127.0.0.1:8700/v1/completions,256,512,256,512,8.0,64,2.008835691021824,2.009937534108758,567.6525244489312,35.92947746559599,18927.61550936848,True,,False,streaming_measured,measured,42
formal-mixed_70p30d-real_pd_nixl_3p1d-r8-rep1,mixed_70p30d-synthetic_unique-000024,mixed_70p30d,synthetic_unique,prefill_heavy,real_pd_nixl_3p1d,real_disaggregated_pd,NixlConnector,http://127.0.0.1:8700/v1/completions,4096,64,4096,64,8.0,64,2.029958974532733,2.0303679862990975,1397.1329936757684,35.870375643883435,3656.9666592404246,True,,False,streaming_measured,measured,42
formal-mixed_70p30d-real_pd_nixl_3p1d-r8-rep1,mixed_70p30d-synthetic_unique-000025,mixed_70p30d,synthetic_unique,prefill_heavy,real_pd_nixl_3p1d,real_disaggregated_pd,NixlConnector,http://127.0.0.1:8700/v1/completions,4096,64,4096,64,8.0,64,2.423899305587521,2.424518979154527,837.3694773763418,35.69587837490771,3086.2098149955273,True,,False,streaming_measured,measured,42
formal-mixed_70p30d-real_pd_nixl_3p1d-r8-rep1,mixed_70p30d-synthetic_unique-000026,mixed_70p30d,synthetic_unique,prefill_heavy,real_pd_nixl_3p1d,real_disaggregated_pd,NixlConnector,http://127.0.0.1:8700/v1/completions,2048,64,2048,64,8.0,64,2.4751954218226566,2.4761300943791866,520.5948930233717,35.67181054561857,2767.9189573973417,True,,False,streaming_measured,measured,42
formal-mixed_70p30d-real_pd_nixl_3p1d-r8-rep1,mixed_70p30d-synthetic_unique-000027,mixed_70p30d,synthetic_unique,prefill_heavy,real_pd_nixl_3p1d,real_disaggregated_pd,NixlConnector,http://127.0.0.1:8700/v1/completions,2048,64,2048,64,8.0,64,2.4873620032401513,2.4883346408605576,1234.816220588982,35.98137130399072,3501.6426127403975,True,,False,streaming_measured,measured,42
formal-mixed_70p30d-real_pd_nixl_3p1d-r8-rep1,mixed_70p30d-synthetic_unique-000028,mixed_70p30d,synthetic_unique,prefill_heavy,real_pd_nixl_3p1d,real_disaggregated_pd,NixlConnector,http://127.0.0.1:8700/v1/completions,4096,64,4096,64,8.0,64,2.5000768388646053,2.500658524222672,1322.603297419846,36.04355869844319,3593.3474954217672,True,,False,streaming_measured,measured,42
formal-mixed_70p30d-real_pd_nixl_3p1d-r8-rep1,mixed_70p30d-synthetic_unique-000029,mixed_70p30d,synthetic_unique,prefill_heavy,real_pd_nixl_3p1d,real_disaggregated_pd,NixlConnector,http://127.0.0.1:8700/v1/completions,2048,64,2048,64,8.0,64,2.7351460565687478,2.7354751490056515,555.9390634298325,35.96172011679127,2821.5274307876825,True,,False,streaming_measured,measured,42
formal-mixed_70p30d-real_pd_nixl_3p1d-r8-rep1,mixed_70p30d-synthetic_unique-000030,mixed_70p30d,synthetic_unique,prefill_heavy,real_pd_nixl_3p1d,real_disaggregated_pd,NixlConnector,http://127.0.0.1:8700/v1/completions,4096,64,4096,64,8.0,64,2.8508522399382494,2.8513271743431687,1463.4355315938592,35.94471418136169,3727.9525250196457,True,,False,streaming_measured,measured,42
formal-mixed_70p30d-real_pd_nixl_3p1d-r8-rep1,mixed_70p30d-synthetic_unique-000031,mixed_70p30d,synthetic_unique,prefill_heavy,real_pd_nixl_3p1d,real_disaggregated_pd,NixlConnector,http://127.0.0.1:8700/v1/completions,2048,64,2048,64,8.0,64,3.0565684823639065,3.0588080985471606,1042.1200701966882,36.038267248797986,3312.530906870961,True,,False,streaming_measured,measured,42
formal-mixed_70p30d-real_pd_nixl_3p1d-r8-rep1,mixed_70p30d-synthetic_unique-000032,mixed_70p30d,synthetic_unique,prefill_heavy,real_pd_nixl_3p1d,real_disaggregated_pd,NixlConnector,http://127.0.0.1:8700/v1/completions,4096,64,4096,64,8.0,64,3.22011103616969,3.221380241215229,848.4865920618176,35.96249892420712,3114.124024286866,True,,False,streaming_measured,measured,42
formal-mixed_70p30d-real_pd_nixl_3p1d-r8-rep1,mixed_70p30d-synthetic_unique-000033,mixed_70p30d,synthetic_unique,prefill_heavy,real_pd_nixl_3p1d,real_disaggregated_pd,NixlConnector,http://127.0.0.1:8700/v1/completions,4096,64,4096,64,8.0,64,3.316156339173461,3.3166983714327216,1645.296735689044,35.649527219079786,3891.2169504910707,True,,False,streaming_measured,measured,42
formal-mixed_70p30d-real_pd_nixl_3p1d-r8-rep1,mixed_70p30d-synthetic_unique-000034,mixed_70p30d,synthetic_unique,prefill_heavy,real_pd_nixl_3p1d,real_disaggregated_pd,NixlConnector,http://127.0.0.1:8700/v1/completions,4096,64,4096,64,8.0,64,3.7681832373847137,3.769714267924428,951.5641154721379,35.4441800967805,3184.5474615693092,True,,False,streaming_measured,measured,42
formal-mixed_70p30d-real_pd_nixl_3p1d-r8-rep1,mixed_70p30d-synthetic_unique-000035,mixed_70p30d,synthetic_unique,prefill_heavy,real_pd_nixl_3p1d,real_disaggregated_pd,NixlConnector,http://127.0.0.1:8700/v1/completions,2048,64,2048,64,8.0,64,3.827642572740837,3.8285565450787544,518.5194350779057,35.93125900933667,2782.1887526661158,True,,False,streaming_measured,measured,42
formal-mixed_70p30d-real_pd_nixl_3p1d-r8-rep1,mixed_70p30d-synthetic_unique-000036,mixed_70p30d,synthetic_unique,prefill_heavy,real_pd_nixl_3p1d,real_disaggregated_pd,NixlConnector,http://127.0.0.1:8700/v1/completions,4096,64,4096,64,8.0,64,3.9280241659266477,3.929421614855528,1624.5169695466757,35.60571072416173,3867.6767451688647,True,,False,streaming_measured,measured,42
formal-mixed_70p30d-real_pd_nixl_3p1d-r8-rep1,mixed_70p30d-synthetic_unique-000037,mixed_70p30d,synthetic_unique,prefill_heavy,real_pd_nixl_3p1d,real_disaggregated_pd,NixlConnector,http://127.0.0.1:8700/v1/completions,2048,64,2048,64,8.0,64,4.149081788999835,4.151007243432105,811.2287437543273,35.65694864780184,3057.616508565843,True,,False,streaming_measured,measured,42
formal-mixed_70p30d-real_pd_nixl_3p1d-r8-rep1,mixed_70p30d-synthetic_unique-000038,mixed_70p30d,synthetic_unique,prefill_heavy,real_pd_nixl_3p1d,real_disaggregated_pd,NixlConnector,http://127.0.0.1:8700/v1/completions,2048,64,2048,64,8.0,64,4.2695438146406905,4.271391253918409,519.2455230280757,35.41831024700687,2750.5990685895085,True,,False,streaming_measured,measured,42
formal-mixed_70p30d-real_pd_nixl_3p1d-r8-rep1,mixed_70p30d-synthetic_unique-000039,mixed_70p30d,synthetic_unique,prefill_heavy,real_pd_nixl_3p1d,real_disaggregated_pd,NixlConnector,http://127.0.0.1:8700/v1/completions,4096,64,4096,64,8.0,64,4.516841306558617,4.517197193577886,1616.1018898710608,35.34062533447194,3842.561285942793,True,,False,streaming_measured,measured,42
formal-mixed_70p30d-real_pd_nixl_3p1d-r8-rep1,mixed_70p30d-synthetic_unique-000040,mixed_70p30d,synthetic_unique,prefill_heavy,real_pd_nixl_3p1d,real_disaggregated_pd,NixlConnector,http://127.0.0.1:8700/v1/completions,2048,64,2048,64,8.0,64,4.624493299227223,4.625562361441553,611.2207733094692,35.55745145099031,2851.3402147218585,True,,False,streaming_measured,measured,42
formal-mixed_70p30d-real_pd_nixl_3p1d-r8-rep1,mixed_70p30d-synthetic_unique-000041,mixed_70p30d,synthetic_unique,prefill_heavy,real_pd_nixl_3p1d,real_disaggregated_pd,NixlConnector,http://127.0.0.1:8700/v1/completions,2048,64,2048,64,8.0,64,4.7769094957582015,4.777297095395625,536.0631961375475,35.455357298136704,2769.75070592016,True,,False,streaming_measured,measured,42
formal-mixed_70p30d-real_pd_nixl_3p1d-r8-rep1,mixed_70p30d-synthetic_unique-000042,mixed_70p30d,synthetic_unique,prefill_heavy,real_pd_nixl_3p1d,real_disaggregated_pd,NixlConnector,http://127.0.0.1:8700/v1/completions,2048,64,2048,64,8.0,64,4.782772938290313,4.78355666808784,1623.2515117153525,35.12817196961906,3836.3263458013535,True,,False,streaming_measured,measured,42
formal-mixed_70p30d-real_pd_nixl_3p1d-r8-rep1,mixed_70p30d-synthetic_unique-000043,mixed_70p30d,synthetic_unique,prefill_heavy,real_pd_nixl_3p1d,real_disaggregated_pd,NixlConnector,http://127.0.0.1:8700/v1/completions,2048,64,2048,64,8.0,64,4.815102809583708,4.816087070852518,740.6876813620329,35.5717179675897,2981.7059133201838,True,,False,streaming_measured,measured,42
formal-mixed_70p30d-real_pd_nixl_3p1d-r8-rep1,mixed_70p30d-synthetic_unique-000044,mixed_70p30d,synthetic_unique,prefill_heavy,real_pd_nixl_3p1d,real_disaggregated_pd,NixlConnector,http://127.0.0.1:8700/v1/completions,4096,64,4096,64,8.0,64,4.8578063917311685,4.858309735544026,1101.146312430501,34.89878241504942,3299.7696045786142,True,,False,streaming_measured,measured,42
formal-mixed_70p30d-real_pd_nixl_3p1d-r8-rep1,mixed_70p30d-synthetic_unique-000045,mixed_70p30d,synthetic_unique,prefill_heavy,real_pd_nixl_3p1d,real_disaggregated_pd,NixlConnector,http://127.0.0.1:8700/v1/completions,2048,64,2048,64,8.0,64,4.868200832038542,4.868553069420159,1810.7279986143112,35.15502279772172,4025.4944348707795,True,,False,streaming_measured,measured,42
formal-mixed_70p30d-real_pd_nixl_3p1d-r8-rep1,mixed_70p30d-synthetic_unique-000046,mixed_70p30d,synthetic_unique,decode_heavy,real_pd_nixl_3p1d,real_disaggregated_pd,NixlConnector,http://127.0.0.1:8700/v1/completions,256,256,256,256,8.0,64,4.901325316587542,4.901837353594601,406.16905596107244,36.88043381872715,9810.679679736495,True,,False,streaming_measured,measured,42
formal-mixed_70p30d-real_pd_nixl_3p1d-r8-rep1,mixed_70p30d-synthetic_unique-000047,mixed_70p30d,synthetic_unique,decode_heavy,real_pd_nixl_3p1d,real_disaggregated_pd,NixlConnector,http://127.0.0.1:8700/v1/completions,256,512,256,512,8.0,64,4.914634545901476,4.916106468066573,546.016619540751,35.51595012517008,18694.667133502662,True,,False,streaming_measured,measured,42
formal-mixed_70p30d-real_pd_nixl_3p1d-r8-rep1,mixed_70p30d-synthetic_unique-000048,mixed_70p30d,synthetic_unique,prefill_heavy,real_pd_nixl_3p1d,real_disaggregated_pd,NixlConnector,http://127.0.0.1:8700/v1/completions,2048,64,2048,64,8.0,64,4.955346243397513,4.956333659589291,1190.5791880562901,35.19263043112698,3407.71490521729,True,,False,streaming_measured,measured,42
formal-mixed_70p30d-real_pd_nixl_3p1d-r8-rep1,mixed_70p30d-synthetic_unique-000049,mixed_70p30d,synthetic_unique,decode_heavy,real_pd_nixl_3p1d,real_disaggregated_pd,NixlConnector,http://127.0.0.1:8700/v1/completions,256,512,256,512,8.0,64,5.081563102839324,5.082762150093913,299.9615706503391,35.52741594175187,18454.471116885543,True,,False,streaming_measured,measured,42
formal-mixed_70p30d-real_pd_nixl_3p1d-r8-rep1,mixed_70p30d-synthetic_unique-000050,mixed_70p30d,synthetic_unique,prefill_heavy,real_pd_nixl_3p1d,real_disaggregated_pd,NixlConnector,http://127.0.0.1:8700/v1/completions,4096,64,4096,64,8.0,64,5.138296356579338,5.139109751209617,860.4916343465447,35.16332147317746,3075.780887156725,True,,False,streaming_measured,measured,42
formal-mixed_70p30d-real_pd_nixl_3p1d-r8-rep1,mixed_70p30d-synthetic_unique-000051,mixed_70p30d,synthetic_unique,decode_heavy,real_pd_nixl_3p1d,real_disaggregated_pd,NixlConnector,http://127.0.0.1:8700/v1/completions,256,256,256,256,8.0,64,5.196086700360894,5.196444930508733,719.8981223627925,37.0813843228069,10175.651124678552,True,,False,streaming_measured,measured,42
formal-mixed_70p30d-real_pd_nixl_3p1d-r8-rep1,mixed_70p30d-synthetic_unique-000052,mixed_70p30d,synthetic_unique,prefill_heavy,real_pd_nixl_3p1d,real_disaggregated_pd,NixlConnector,http://127.0.0.1:8700/v1/completions,4096,64,4096,64,8.0,64,5.225474014917611,5.225736174732447,839.8445025086403,35.10585412501343,3051.513312384486,True,,False,streaming_measured,measured,42
formal-mixed_70p30d-real_pd_nixl_3p1d-r8-rep1,mixed_70p30d-synthetic_unique-000053,mixed_70p30d,synthetic_unique,prefill_heavy,real_pd_nixl_3p1d,real_disaggregated_pd,NixlConnector,http://127.0.0.1:8700/v1/completions,4096,64,4096,64,8.0,64,5.26429643006011,5.264674640260637,1140.6657667830586,35.092223879127275,3351.475871168077,True,,False,streaming_measured,measured,42
formal-mixed_70p30d-real_pd_nixl_3p1d-r8-rep1,mixed_70p30d-synthetic_unique-000054,mixed_70p30d,synthetic_unique,prefill_heavy,real_pd_nixl_3p1d,real_disaggregated_pd,NixlConnector,http://127.0.0.1:8700/v1/completions,2048,64,2048,64,8.0,64,5.609190529228301,5.609627006575465,526.12529322505,34.788748145931294,2717.8164264187217,True,,False,streaming_measured,measured,42
formal-mixed_70p30d-real_pd_nixl_3p1d-r8-rep1,mixed_70p30d-synthetic_unique-000055,mixed_70p30d,synthetic_unique,prefill_heavy,real_pd_nixl_3p1d,real_disaggregated_pd,NixlConnector,http://127.0.0.1:8700/v1/completions,4096,64,4096,64,8.0,64,5.739718608566536,5.740186928771436,1185.2557649835944,34.038196953516156,3329.6621730551124,True,,False,streaming_measured,measured,42
formal-mixed_70p30d-real_pd_nixl_3p1d-r8-rep1,mixed_70p30d-synthetic_unique-000056,mixed_70p30d,synthetic_unique,prefill_heavy,real_pd_nixl_3p1d,real_disaggregated_pd,NixlConnector,http://127.0.0.1:8700/v1/completions,2048,64,2048,64,8.0,64,5.857141462066069,5.857611105777323,841.1486241966486,34.039597470490705,2985.643264837563,True,,False,streaming_measured,measured,42
formal-mixed_70p30d-real_pd_nixl_3p1d-r8-rep1,mixed_70p30d-synthetic_unique-000057,mixed_70p30d,synthetic_unique,prefill_heavy,real_pd_nixl_3p1d,real_disaggregated_pd,NixlConnector,http://127.0.0.1:8700/v1/completions,4096,64,4096,64,8.0,64,5.880604260235959,5.880973008461297,864.7236656397581,34.173969682010394,3017.683755606413,True,,False,streaming_measured,measured,42
formal-mixed_70p30d-real_pd_nixl_3p1d-r8-rep1,mixed_70p30d-synthetic_unique-000058,mixed_70p30d,synthetic_unique,prefill_heavy,real_pd_nixl_3p1d,real_disaggregated_pd,NixlConnector,http://127.0.0.1:8700/v1/completions,4096,64,4096,64,8.0,64,6.043867317325007,6.045150686986744,1201.5499016270041,33.46455734341391,3309.81701426208,True,,False,streaming_measured,measured,42
formal-mixed_70p30d-real_pd_nixl_3p1d-r8-rep1,mixed_70p30d-synthetic_unique-000059,mixed_70p30d,synthetic_unique,decode_heavy,real_pd_nixl_3p1d,real_disaggregated_pd,NixlConnector,http://127.0.0.1:8700/v1/completions,256,512,256,512,8.0,64,6.066168842425999,6.0664391135796905,673.1517286971211,35.24153972675189,18681.578529067338,True,,False,streaming_measured,measured,42
formal-mixed_70p30d-real_pd_nixl_3p1d-r8-rep1,mixed_70p30d-synthetic_unique-000060,mixed_70p30d,synthetic_unique,prefill_heavy,real_pd_nixl_3p1d,real_disaggregated_pd,NixlConnector,http://127.0.0.1:8700/v1/completions,2048,64,2048,64,8.0,64,6.125813575762793,6.1261075315997005,646.4077131822705,34.0868104249239,2793.876769952476,True,,False,streaming_measured,measured,42
formal-mixed_70p30d-real_pd_nixl_3p1d-r8-rep1,mixed_70p30d-synthetic_unique-000061,mixed_70p30d,synthetic_unique,prefill_heavy,real_pd_nixl_3p1d,real_disaggregated_pd,NixlConnector,http://127.0.0.1:8700/v1/completions,2048,64,2048,64,8.0,64,6.695639371818051,6.696883839555085,542.4279319122434,33.98824704899674,2683.687495999038,True,,False,streaming_measured,measured,42
formal-mixed_70p30d-real_pd_nixl_3p1d-r8-rep1,mixed_70p30d-synthetic_unique-000062,mixed_70p30d,synthetic_unique,prefill_heavy,real_pd_nixl_3p1d,real_disaggregated_pd,NixlConnector,http://127.0.0.1:8700/v1/completions,2048,64,2048,64,8.0,64,6.823345694375581,6.824315437115729,642.8946303203702,33.510718332041826,2754.069885239005,True,,False,streaming_measured,measured,42
formal-mixed_70p30d-real_pd_nixl_3p1d-r8-rep1,mixed_70p30d-synthetic_unique-000063,mixed_70p30d,synthetic_unique,prefill_heavy,real_pd_nixl_3p1d,real_disaggregated_pd,NixlConnector,http://127.0.0.1:8700/v1/completions,2048,64,2048,64,8.0,64,6.925104703146514,6.925744812004268,889.8819359019399,33.28259815535848,2986.685619689524,True,,False,streaming_measured,measured,42
formal-mixed_70p30d-real_pd_nixl_3p1d-r8-rep1,mixed_70p30d-synthetic_unique-000064,mixed_70p30d,synthetic_unique,decode_heavy,real_pd_nixl_3p1d,real_disaggregated_pd,NixlConnector,http://127.0.0.1:8700/v1/completions,256,512,256,512,8.0,64,7.069349551813437,7.069853349588811,290.5382253229618,35.09549993234313,18224.3386907503,True,,False,streaming_measured,measured,42
formal-mixed_70p30d-real_pd_nixl_3p1d-r8-rep1,mixed_70p30d-synthetic_unique-000065,mixed_70p30d,synthetic_unique,decode_heavy,real_pd_nixl_3p1d,real_disaggregated_pd,NixlConnector,http://127.0.0.1:8700/v1/completions,256,512,256,512,8.0,64,7.300670393644375,7.301430338993669,431.92610796540976,35.027638910640825,18331.04959130287,True,,False,streaming_measured,measured,42
formal-mixed_70p30d-real_pd_nixl_3p1d-r8-rep1,mixed_70p30d-synthetic_unique-000066,mixed_70p30d,synthetic_unique,prefill_heavy,real_pd_nixl_3p1d,real_disaggregated_pd,NixlConnector,http://127.0.0.1:8700/v1/completions,4096,64,4096,64,8.0,64,7.487683997674917,7.488135289400816,853.6665290594101,32.659217951789735,2911.1972600221634,True,,False,streaming_measured,measured,42
formal-mixed_70p30d-real_pd_nixl_3p1d-r8-rep1,mixed_70p30d-synthetic_unique-000067,mixed_70p30d,synthetic_unique,prefill_heavy,real_pd_nixl_3p1d,real_disaggregated_pd,NixlConnector,http://127.0.0.1:8700/v1/completions,2048,64,2048,64,8.0,64,7.520200154863749,7.5204125279560685,548.7295771017671,32.65983210728755,2606.2989998608828,True,,False,streaming_measured,measured,42
formal-mixed_70p30d-real_pd_nixl_3p1d-r8-rep1,mixed_70p30d-synthetic_unique-000068,mixed_70p30d,synthetic_unique,prefill_heavy,real_pd_nixl_3p1d,real_disaggregated_pd,NixlConnector,http://127.0.0.1:8700/v1/completions,4096,64,4096,64,8.0,64,7.524278499216267,7.524608991108835,843.5304630547762,32.74394672304865,2906.399106606841,True,,False,streaming_measured,measured,42
formal-mixed_70p30d-real_pd_nixl_3p1d-r8-rep1,mixed_70p30d-synthetic_unique-000069,mixed_70p30d,synthetic_unique,decode_heavy,real_pd_nixl_3p1d,real_disaggregated_pd,NixlConnector,http://127.0.0.1:8700/v1/completions,256,512,256,512,8.0,64,7.571653254661101,7.572461842559278,502.93038599193096,34.95395548437556,18364.401638507843,True,,False,streaming_measured,measured,42
formal-mixed_70p30d-real_pd_nixl_3p1d-r8-rep1,mixed_70p30d-synthetic_unique-000070,mixed_70p30d,synthetic_unique,prefill_heavy,real_pd_nixl_3p1d,real_disaggregated_pd,NixlConnector,http://127.0.0.1:8700/v1/completions,2048,64,2048,64,8.0,64,7.6106058587977765,7.6116814855486155,605.6231372058392,32.67598580864687,2664.210243150592,True,,False,streaming_measured,measured,42
formal-mixed_70p30d-real_pd_nixl_3p1d-r8-rep1,mixed_70p30d-synthetic_unique-000071,mixed_70p30d,synthetic_unique,prefill_heavy,real_pd_nixl_3p1d,real_disaggregated_pd,NixlConnector,http://127.0.0.1:8700/v1/completions,2048,64,2048,64,8.0,64,7.640226760531357,7.640893014147878,803.1120160594583,41.82235161877341,3437.920168042183,True,,False,streaming_measured,measured,42
formal-mixed_70p30d-real_pd_nixl_3p1d-r8-rep1,mixed_70p30d-synthetic_unique-000072,mixed_70p30d,synthetic_unique,prefill_heavy,real_pd_nixl_3p1d,real_disaggregated_pd,NixlConnector,http://127.0.0.1:8700/v1/completions,4096,64,4096,64,8.0,64,7.998116923688039,7.998743147589266,880.8191874995828,41.98666684152115,3525.979198515415,True,,False,streaming_measured,measured,42
formal-mixed_70p30d-real_pd_nixl_3p1d-r8-rep1,mixed_70p30d-synthetic_unique-000073,mixed_70p30d,synthetic_unique,decode_heavy,real_pd_nixl_3p1d,real_disaggregated_pd,NixlConnector,http://127.0.0.1:8700/v1/completions,256,256,256,256,8.0,64,8.259422279502026,8.261080401949584,313.6714855208993,37.17773944212526,9793.99504326284,True,,False,streaming_measured,measured,42
formal-mixed_70p30d-real_pd_nixl_3p1d-r8-rep1,mixed_70p30d-synthetic_unique-000074,mixed_70p30d,synthetic_unique,prefill_heavy,real_pd_nixl_3p1d,real_disaggregated_pd,NixlConnector,http://127.0.0.1:8700/v1/completions,2048,64,2048,64,8.0,64,8.306655567532259,8.307527171447873,511.4050479605794,42.204494735906046,3170.2882163226604,True,,False,streaming_measured,measured,42
formal-mixed_70p30d-real_pd_nixl_3p1d-r8-rep1,mixed_70p30d-synthetic_unique-000075,mixed_70p30d,synthetic_unique,prefill_heavy,real_pd_nixl_3p1d,real_disaggregated_pd,NixlConnector,http://127.0.0.1:8700/v1/completions,4096,64,4096,64,8.0,64,8.439840963106382,8.440521123819053,906.0558406636119,42.337751134283955,3573.3341621235013,True,,False,streaming_measured,measured,42
formal-mixed_70p30d-real_pd_nixl_3p1d-r8-rep1,mixed_70p30d-synthetic_unique-000076,mixed_70p30d,synthetic_unique,decode_heavy,real_pd_nixl_3p1d,real_disaggregated_pd,NixlConnector,http://127.0.0.1:8700/v1/completions,256,256,256,256,8.0,64,8.50278744202483,8.503860028460622,284.12941470742226,37.223833112740046,9776.206858456135,True,,False,streaming_measured,measured,42
formal-mixed_70p30d-real_pd_nixl_3p1d-r8-rep1,mixed_70p30d-synthetic_unique-000077,mixed_70p30d,synthetic_unique,prefill_heavy,real_pd_nixl_3p1d,real_disaggregated_pd,NixlConnector,http://127.0.0.1:8700/v1/completions,2048,64,2048,64,8.0,64,8.810261899919096,8.810756023041904,534.4786792993546,42.082170808007795,3185.6554402038455,True,,False,streaming_measured,measured,42
formal-mixed_70p30d-real_pd_nixl_3p1d-r8-rep1,mixed_70p30d-synthetic_unique-000078,mixed_70p30d,synthetic_unique,prefill_heavy,real_pd_nixl_3p1d,real_disaggregated_pd,NixlConnector,http://127.0.0.1:8700/v1/completions,4096,64,4096,64,8.0,64,8.887019674628299,8.888190288096666,1164.9550385773182,42.7051368539059,3855.3786603733897,True,,False,streaming_measured,measured,42
formal-mixed_70p30d-real_pd_nixl_3p1d-r8-rep1,mixed_70p30d-synthetic_unique-000079,mixed_70p30d,synthetic_unique,prefill_heavy,real_pd_nixl_3p1d,real_disaggregated_pd,NixlConnector,http://127.0.0.1:8700/v1/completions,2048,64,2048,64,8.0,64,8.925484893913364,8.925768679007888,490.697531029582,42.44411179411506,3164.6765740588307,True,,False,streaming_measured,measured,42
formal-mixed_70p30d-real_pd_nixl_3p1d-r8-rep1,mixed_70p30d-synthetic_unique-000080,mixed_70p30d,synthetic_unique,decode_heavy,real_pd_nixl_3p1d,real_disaggregated_pd,NixlConnector,http://127.0.0.1:8700/v1/completions,256,256,256,256,8.0,64,8.960884330888074,8.961100013926625,294.90966629236937,37.15825206143599,9770.263941958547,True,,False,streaming_measured,measured,42
formal-mixed_70p30d-real_pd_nixl_3p1d-r8-rep1,mixed_70p30d-synthetic_unique-000081,mixed_70p30d,synthetic_unique,prefill_heavy,real_pd_nixl_3p1d,real_disaggregated_pd,NixlConnector,http://127.0.0.1:8700/v1/completions,2048,64,2048,64,8.0,64,9.063896179901912,9.064844073727727,2091.0519482567906,36.2358834328396,4373.912604525685,True,,False,streaming_measured,measured,42
formal-mixed_70p30d-real_pd_nixl_3p1d-r8-rep1,mixed_70p30d-synthetic_unique-000082,mixed_70p30d,synthetic_unique,prefill_heavy,real_pd_nixl_3p1d,real_disaggregated_pd,NixlConnector,http://127.0.0.1:8700/v1/completions,2048,64,2048,64,8.0,64,9.101998286054311,9.102376230061054,656.4479609951377,42.729638369073946,3348.415178246796,True,,False,streaming_measured,measured,42
formal-mixed_70p30d-real_pd_nixl_3p1d-r8-rep1,mixed_70p30d-synthetic_unique-000083,mixed_70p30d,synthetic_unique,decode_heavy,real_pd_nixl_3p1d,real_disaggregated_pd,NixlConnector,http://127.0.0.1:8700/v1/completions,256,256,256,256,8.0,64,9.211808241319101,9.212792681530118,295.98825331777334,37.12455577344871,9762.749975547194,True,,False,streaming_measured,measured,42
formal-mixed_70p30d-real_pd_nixl_3p1d-r8-rep1,mixed_70p30d-synthetic_unique-000084,mixed_70p30d,synthetic_unique,prefill_heavy,real_pd_nixl_3p1d,real_disaggregated_pd,NixlConnector,http://127.0.0.1:8700/v1/completions,2048,64,2048,64,8.0,64,9.496939183355199,9.497401308268309,1948.9713162183762,36.2513434614927,4232.805954292417,True,,False,streaming_measured,measured,42
formal-mixed_70p30d-real_pd_nixl_3p1d-r8-rep1,mixed_70p30d-synthetic_unique-000085,mixed_70p30d,synthetic_unique,decode_heavy,real_pd_nixl_3p1d,real_disaggregated_pd,NixlConnector,http://127.0.0.1:8700/v1/completions,256,256,256,256,8.0,64,9.560667553916806,9.561743225902319,547.9735676199198,37.170293952758406,10026.398525573313,True,,False,streaming_measured,measured,42
formal-mixed_70p30d-real_pd_nixl_3p1d-r8-rep1,mixed_70p30d-synthetic_unique-000086,mixed_70p30d,synthetic_unique,prefill_heavy,real_pd_nixl_3p1d,real_disaggregated_pd,NixlConnector,http://127.0.0.1:8700/v1/completions,2048,64,2048,64,8.0,64,9.59161641849811,9.591995446011424,523.3683083206415,43.345813107277664,3254.1545340791345,True,,False,streaming_measured,measured,42
formal-mixed_70p30d-real_pd_nixl_3p1d-r8-rep1,mixed_70p30d-synthetic_unique-000087,mixed_70p30d,synthetic_unique,prefill_heavy,real_pd_nixl_3p1d,real_disaggregated_pd,NixlConnector,http://127.0.0.1:8700/v1/completions,4096,64,4096,64,8.0,64,10.342444097572919,10.342831867747009,1433.880771510303,35.790629507530305,3688.690430484712,True,,False,streaming_measured,measured,42
formal-mixed_70p30d-real_pd_nixl_3p1d-r8-rep1,mixed_70p30d-synthetic_unique-000088,mixed_70p30d,synthetic_unique,prefill_heavy,real_pd_nixl_3p1d,real_disaggregated_pd,NixlConnector,http://127.0.0.1:8700/v1/completions,4096,64,4096,64,8.0,64,10.431492048482658,10.4322370570153,1298.0736326426268,35.822463487940176,3554.888832382858,True,,False,streaming_measured,measured,42
formal-mixed_70p30d-real_pd_nixl_3p1d-r8-rep1,mixed_70p30d-synthetic_unique-000089,mixed_70p30d,synthetic_unique,prefill_heavy,real_pd_nixl_3p1d,real_disaggregated_pd,NixlConnector,http://127.0.0.1:8700/v1/completions,2048,64,2048,64,8.0,64,10.443405865132103,10.444545473903418,1269.9857223778963,35.76918139994618,3523.4441505745053,True,,False,streaming_measured,measured,42
formal-mixed_70p30d-real_pd_nixl_3p1d-r8-rep1,mixed_70p30d-synthetic_unique-000090,mixed_70p30d,synthetic_unique,prefill_heavy,real_pd_nixl_3p1d,real_disaggregated_pd,NixlConnector,http://127.0.0.1:8700/v1/completions,2048,64,2048,64,8.0,64,10.44943867733284,10.44977109786123,1574.2546059191227,38.101158903113436,3974.627616815269,True,,False,streaming_measured,measured,42
formal-mixed_70p30d-real_pd_nixl_3p1d-r8-rep1,mixed_70p30d-synthetic_unique-000091,mixed_70p30d,synthetic_unique,prefill_heavy,real_pd_nixl_3p1d,real_disaggregated_pd,NixlConnector,http://127.0.0.1:8700/v1/completions,2048,64,2048,64,8.0,64,10.463956134631005,10.464974424801767,928.4588862210512,35.831320099532604,3185.8320524916053,True,,False,streaming_measured,measured,42
formal-mixed_70p30d-real_pd_nixl_3p1d-r8-rep1,mixed_70p30d-synthetic_unique-000092,mixed_70p30d,synthetic_unique,prefill_heavy,real_pd_nixl_3p1d,real_disaggregated_pd,NixlConnector,http://127.0.0.1:8700/v1/completions,4096,64,4096,64,8.0,64,10.587377809276576,10.58771584648639,883.3961077034473,38.10608650128993,3284.079557284713,True,,False,streaming_measured,measured,42
formal-mixed_70p30d-real_pd_nixl_3p1d-r8-rep1,mixed_70p30d-synthetic_unique-000093,mixed_70p30d,synthetic_unique,prefill_heavy,real_pd_nixl_3p1d,real_disaggregated_pd,NixlConnector,http://127.0.0.1:8700/v1/completions,2048,64,2048,64,8.0,64,10.783702663217886,10.78555248491466,502.46884021908045,38.41244725007859,2922.453016974032,True,,False,streaming_measured,measured,42
formal-mixed_70p30d-real_pd_nixl_3p1d-r8-rep1,mixed_70p30d-synthetic_unique-000094,mixed_70p30d,synthetic_unique,prefill_heavy,real_pd_nixl_3p1d,real_disaggregated_pd,NixlConnector,http://127.0.0.1:8700/v1/completions,2048,64,2048,64,8.0,64,10.852259939190843,10.85256043728441,507.8858584165573,38.11048253601979,2908.846258185804,True,,False,streaming_measured,measured,42
formal-mixed_70p30d-real_pd_nixl_3p1d-r8-rep1,mixed_70p30d-synthetic_unique-000095,mixed_70p30d,synthetic_unique,prefill_heavy,real_pd_nixl_3p1d,real_disaggregated_pd,NixlConnector,http://127.0.0.1:8700/v1/completions,4096,64,4096,64,8.0,64,10.860464356981028,10.860785105265677,863.4785311296582,37.50015356178795,3225.988205522299,True,,False,streaming_measured,measured,42
formal-mixed_70p30d-real_pd_nixl_3p1d-r8-rep1,mixed_70p30d-synthetic_unique-000096,mixed_70p30d,synthetic_unique,prefill_heavy,real_pd_nixl_3p1d,real_disaggregated_pd,NixlConnector,http://127.0.0.1:8700/v1/completions,2048,64,2048,64,8.0,64,10.920545728224578,10.921063368208706,963.5554058477283,36.96054251243671,3292.069584131241,True,,False,streaming_measured,measured,42
formal-mixed_70p30d-real_pd_nixl_3p1d-r8-rep1,mixed_70p30d-synthetic_unique-000097,mixed_70p30d,synthetic_unique,prefill_heavy,real_pd_nixl_3p1d,real_disaggregated_pd,NixlConnector,http://127.0.0.1:8700/v1/completions,4096,64,4096,64,8.0,64,11.614580218301864,11.615296468138695,852.2456865757704,37.08267948102383,3188.454493880272,True,,False,streaming_measured,measured,42
formal-mixed_70p30d-real_pd_nixl_3p1d-r8-rep1,mixed_70p30d-synthetic_unique-000098,mixed_70p30d,synthetic_unique,prefill_heavy,real_pd_nixl_3p1d,real_disaggregated_pd,NixlConnector,http://127.0.0.1:8700/v1/completions,2048,64,2048,64,8.0,64,11.708722716470673,11.709771744906902,993.2223754003644,35.64062719011591,3238.5818883776665,True,,False,streaming_measured,measured,42
formal-mixed_70p30d-real_pd_nixl_3p1d-r8-rep1,mixed_70p30d-synthetic_unique-000099,mixed_70p30d,synthetic_unique,prefill_heavy,real_pd_nixl_3p1d,real_disaggregated_pd,NixlConnector,http://127.0.0.1:8700/v1/completions,4096,64,4096,64,8.0,64,12.151618439489535,12.152152698487043,860.6996666640043,35.60952330747294,3104.0996350347996,True,,False,streaming_measured,measured,42
formal-mixed_70p30d-real_pd_nixl_3p1d-r8-rep1,mixed_70p30d-synthetic_unique-000100,mixed_70p30d,synthetic_unique,decode_heavy,real_pd_nixl_3p1d,real_disaggregated_pd,NixlConnector,http://127.0.0.1:8700/v1/completions,256,512,256,512,8.0,64,12.398080655043438,12.398759964853525,342.5670713186264,33.05963246942791,17236.03926319629,True,,False,streaming_measured,measured,42
formal-mixed_70p30d-real_pd_nixl_3p1d-r8-rep1,mixed_70p30d-synthetic_unique-000101,mixed_70p30d,synthetic_unique,prefill_heavy,real_pd_nixl_3p1d,real_disaggregated_pd,NixlConnector,http://127.0.0.1:8700/v1/completions,2048,64,2048,64,8.0,64,12.399524084757424,12.400048636831343,934.0774472802877,34.15741069271924,3085.9943209216,True,,False,streaming_measured,measured,42
formal-mixed_70p30d-real_pd_nixl_3p1d-r8-rep1,mixed_70p30d-synthetic_unique-000102,mixed_70p30d,synthetic_unique,decode_heavy,real_pd_nixl_3p1d,real_disaggregated_pd,NixlConnector,http://127.0.0.1:8700/v1/completions,256,512,256,512,8.0,64,12.558967451091554,12.559490122832358,289.8887237533927,33.019713350296485,17162.962245754898,True,,False,streaming_measured,measured,42
formal-mixed_70p30d-real_pd_nixl_3p1d-r8-rep1,mixed_70p30d-synthetic_unique-000103,mixed_70p30d,synthetic_unique,decode_heavy,real_pd_nixl_3p1d,real_disaggregated_pd,NixlConnector,http://127.0.0.1:8700/v1/completions,256,512,256,512,8.0,64,12.702066641278327,12.70402992516756,651.5364050865173,32.726775036501444,17374.918448738754,True,,False,streaming_measured,measured,42
formal-mixed_70p30d-real_pd_nixl_3p1d-r8-rep1,mixed_70p30d-synthetic_unique-000104,mixed_70p30d,synthetic_unique,decode_heavy,real_pd_nixl_3p1d,real_disaggregated_pd,NixlConnector,http://127.0.0.1:8700/v1/completions,256,512,256,512,8.0,64,12.79831215949814,12.798806861042976,962.7683972939849,32.6502041548578,17647.02272042632,True,,False,streaming_measured,measured,42
formal-mixed_70p30d-real_pd_nixl_3p1d-r8-rep1,mixed_70p30d-synthetic_unique-000105,mixed_70p30d,synthetic_unique,prefill_heavy,real_pd_nixl_3p1d,real_disaggregated_pd,NixlConnector,http://127.0.0.1:8700/v1/completions,2048,64,2048,64,8.0,64,12.83710854947172,12.83977617137134,616.3997640833259,34.3770289438821,2782.1525875478983,True,,False,streaming_measured,measured,42
formal-mixed_70p30d-real_pd_nixl_3p1d-r8-rep1,mixed_70p30d-synthetic_unique-000106,mixed_70p30d,synthetic_unique,prefill_heavy,real_pd_nixl_3p1d,real_disaggregated_pd,NixlConnector,http://127.0.0.1:8700/v1/completions,4096,64,4096,64,8.0,64,12.965149360160954,12.966041759587824,863.5302931070328,34.21076468472916,3018.80846824497,True,,False,streaming_measured,measured,42
formal-mixed_70p30d-real_pd_nixl_3p1d-r8-rep1,mixed_70p30d-synthetic_unique-000107,mixed_70p30d,synthetic_unique,prefill_heavy,real_pd_nixl_3p1d,real_disaggregated_pd,NixlConnector,http://127.0.0.1:8700/v1/completions,4096,64,4096,64,8.0,64,12.979934279423125,12.980322381481528,1490.9217255190015,34.31848982082946,3652.9865842312574,True,,False,streaming_measured,measured,42
formal-mixed_70p30d-real_pd_nixl_3p1d-r8-rep1,mixed_70p30d-synthetic_unique-000108,mixed_70p30d,synthetic_unique,decode_heavy,real_pd_nixl_3p1d,real_disaggregated_pd,NixlConnector,http://127.0.0.1:8700/v1/completions,256,512,256,512,8.0,64,13.051248547996188,13.052596455439925,310.754313133657,32.65228581937384,16996.072366833687,True,,False,streaming_measured,measured,42
formal-mixed_70p30d-real_pd_nixl_3p1d-r8-rep1,mixed_70p30d-synthetic_unique-000109,mixed_70p30d,synthetic_unique,prefill_heavy,real_pd_nixl_3p1d,real_disaggregated_pd,NixlConnector,http://127.0.0.1:8700/v1/completions,2048,64,2048,64,8.0,64,13.126827347854231,13.127650236710906,499.94861520826817,34.2272807297016,2656.2673011794686,True,,False,streaming_measured,measured,42
formal-mixed_70p30d-real_pd_nixl_3p1d-r8-rep1,mixed_70p30d-synthetic_unique-000110,mixed_70p30d,synthetic_unique,prefill_heavy,real_pd_nixl_3p1d,real_disaggregated_pd,NixlConnector,http://127.0.0.1:8700/v1/completions,4096,64,4096,64,8.0,64,13.511217384338412,13.512214725837111,1135.6765823438764,33.910599418930595,3272.0443457365036,True,,False,streaming_measured,measured,42
formal-mixed_70p30d-real_pd_nixl_3p1d-r8-rep1,mixed_70p30d-synthetic_unique-000111,mixed_70p30d,synthetic_unique,prefill_heavy,real_pd_nixl_3p1d,real_disaggregated_pd,NixlConnector,http://127.0.0.1:8700/v1/completions,2048,64,2048,64,8.0,64,13.772003440761626,13.774082247167826,529.2644053697586,34.31957691080041,2691.397750750184,True,,False,streaming_measured,measured,42
formal-mixed_70p30d-real_pd_nixl_3p1d-r8-rep1,mixed_70p30d-synthetic_unique-000112,mixed_70p30d,synthetic_unique,prefill_heavy,real_pd_nixl_3p1d,real_disaggregated_pd,NixlConnector,http://127.0.0.1:8700/v1/completions,4096,64,4096,64,8.0,64,13.810215367074454,13.811421977356076,821.4394627138972,33.914691990330105,2958.065058104694,True,,False,streaming_measured,measured,42
formal-mixed_70p30d-real_pd_nixl_3p1d-r8-rep1,mixed_70p30d-synthetic_unique-000113,mixed_70p30d,synthetic_unique,prefill_heavy,real_pd_nixl_3p1d,real_disaggregated_pd,NixlConnector,http://127.0.0.1:8700/v1/completions,4096,64,4096,64,8.0,64,13.897005378856322,13.897841528989375,1128.5793464630842,34.40888792217251,3296.3392855599523,True,,False,streaming_measured,measured,42
formal-mixed_70p30d-real_pd_nixl_3p1d-r8-rep1,mixed_70p30d-synthetic_unique-000114,mixed_70p30d,synthetic_unique,prefill_heavy,real_pd_nixl_3p1d,real_disaggregated_pd,NixlConnector,http://127.0.0.1:8700/v1/completions,2048,64,2048,64,8.0,64,13.92160640892602,13.922143887728453,934.6240488812327,34.45760508082689,3105.4531689733267,True,,False,streaming_measured,measured,42
formal-mixed_70p30d-real_pd_nixl_3p1d-r8-rep1,mixed_70p30d-synthetic_unique-000115,mixed_70p30d,synthetic_unique,prefill_heavy,real_pd_nixl_3p1d,real_disaggregated_pd,NixlConnector,http://127.0.0.1:8700/v1/completions,4096,64,4096,64,8.0,64,14.2263037308053,14.226930581964552,869.6967083960772,34.44931542293893,3040.0035800412297,True,,False,streaming_measured,measured,42
formal-mixed_70p30d-real_pd_nixl_3p1d-r8-rep1,mixed_70p30d-synthetic_unique-000116,mixed_70p30d,synthetic_unique,decode_heavy,real_pd_nixl_3p1d,real_disaggregated_pd,NixlConnector,http://127.0.0.1:8700/v1/completions,256,512,256,512,8.0,64,14.481830956373763,14.48261992726475,631.4631951972842,32.424859363593,17200.566329993308,True,,False,streaming_measured,measured,42
formal-mixed_70p30d-real_pd_nixl_3p1d-r8-rep1,mixed_70p30d-synthetic_unique-000117,mixed_70p30d,synthetic_unique,decode_heavy,real_pd_nixl_3p1d,real_disaggregated_pd,NixlConnector,http://127.0.0.1:8700/v1/completions,256,512,256,512,8.0,64,14.526137916601469,14.526934106834233,510.17160434275866,32.40238756684991,17067.791651003063,True,,False,streaming_measured,measured,42
formal-mixed_70p30d-real_pd_nixl_3p1d-r8-rep1,mixed_70p30d-synthetic_unique-000118,mixed_70p30d,synthetic_unique,prefill_heavy,real_pd_nixl_3p1d,real_disaggregated_pd,NixlConnector,http://127.0.0.1:8700/v1/completions,4096,64,4096,64,8.0,64,14.653480094978539,14.653682780452073,872.071972116828,33.886649276292516,3006.9308765232563,True,,False,streaming_measured,measured,42
formal-mixed_70p30d-real_pd_nixl_3p1d-r8-rep1,mixed_70p30d-synthetic_unique-000119,mixed_70p30d,synthetic_unique,decode_heavy,real_pd_nixl_3p1d,real_disaggregated_pd,NixlConnector,http://127.0.0.1:8700/v1/completions,256,256,256,256,8.0,64,14.770851537018366,14.773094778880477,285.7511257752776,33.139145312209926,8736.233180388808,True,,False,streaming_measured,measured,42
formal-mixed_70p30d-real_pd_nixl_3p1d-r8-rep1,mixed_70p30d-synthetic_unique-000120,mixed_70p30d,synthetic_unique,prefill_heavy,real_pd_nixl_3p1d,real_disaggregated_pd,NixlConnector,http://127.0.0.1:8700/v1/completions,2048,64,2048,64,8.0,64,14.791584641611921,14.792444850318134,502.7163289487362,33.53937888251884,2615.697198547423,True,,False,streaming_measured,measured,42
formal-mixed_70p30d-real_pd_nixl_3p1d-r8-rep1,mixed_70p30d-synthetic_unique-000121,mixed_70p30d,synthetic_unique,prefill_heavy,real_pd_nixl_3p1d,real_disaggregated_pd,NixlConnector,http://127.0.0.1:8700/v1/completions,2048,64,2048,64,8.0,64,14.971288782929678,14.97178818937391,498.8285843282938,33.90994435915398,2635.1550789549947,True,,False,streaming_measured,measured,42
formal-mixed_70p30d-real_pd_nixl_3p1d-r8-rep1,mixed_70p30d-synthetic_unique-000122,mixed_70p30d,synthetic_unique,prefill_heavy,real_pd_nixl_3p1d,real_disaggregated_pd,NixlConnector,http://127.0.0.1:8700/v1/completions,2048,64,2048,64,8.0,64,15.068186253594538,15.069931199774146,882.4523603543639,32.194212315574525,2910.687736235559,True,,False,streaming_measured,measured,42
formal-mixed_70p30d-real_pd_nixl_3p1d-r8-rep1,mixed_70p30d-synthetic_unique-000123,mixed_70p30d,synthetic_unique,prefill_heavy,real_pd_nixl_3p1d,real_disaggregated_pd,NixlConnector,http://127.0.0.1:8700/v1/completions,4096,64,4096,64,8.0,64,15.256674236370014,15.25738209951669,950.5706243216991,32.079003839975314,2971.547866240144,True,,False,streaming_measured,measured,42
formal-mixed_70p30d-real_pd_nixl_3p1d-r8-rep1,mixed_70p30d-synthetic_unique-000124,mixed_70p30d,synthetic_unique,decode_heavy,real_pd_nixl_3p1d,real_disaggregated_pd,NixlConnector,http://127.0.0.1:8700/v1/completions,256,256,256,256,8.0,64,15.351146156567022,15.351723860017955,346.58410865813494,32.45161104874283,8621.744926087558,True,,False,streaming_measured,measured,42
formal-mixed_70p30d-real_pd_nixl_3p1d-r8-rep1,mixed_70p30d-synthetic_unique-000125,mixed_70p30d,synthetic_unique,decode_heavy,real_pd_nixl_3p1d,real_disaggregated_pd,NixlConnector,http://127.0.0.1:8700/v1/completions,256,512,256,512,8.0,64,15.351217664032387,15.351792155764997,421.40120919793844,32.07479036229056,16811.619084328413,True,,False,streaming_measured,measured,42
formal-mixed_70p30d-real_pd_nixl_3p1d-r8-rep1,mixed_70p30d-synthetic_unique-000126,mixed_70p30d,synthetic_unique,decode_heavy,real_pd_nixl_3p1d,real_disaggregated_pd,NixlConnector,http://127.0.0.1:8700/v1/completions,256,512,256,512,8.0,64,15.400191799425782,15.400988566689193,261.3852946087718,32.06073660622196,16644.421700388193,True,,False,streaming_measured,measured,42
formal-mixed_70p30d-real_pd_nixl_3p1d-r8-rep1,mixed_70p30d-synthetic_unique-000127,mixed_70p30d,synthetic_unique,prefill_heavy,real_pd_nixl_3p1d,real_disaggregated_pd,NixlConnector,http://127.0.0.1:8700/v1/completions,2048,64,2048,64,8.0,64,15.402650413609509,15.403200984932482,1095.0059816241264,33.27279926706401,3191.192335449159,True,,False,streaming_measured,measured,42
formal-mixed_70p30d-real_pd_nixl_3p1d-r8-rep1,mixed_70p30d-synthetic_unique-000128,mixed_70p30d,synthetic_unique,decode_heavy,real_pd_nixl_3p1d,real_disaggregated_pd,NixlConnector,http://127.0.0.1:8700/v1/completions,256,512,256,512,8.0,64,15.733458579723937,15.734519828110933,303.6326980218291,32.038408872870086,16675.25963205844,True,,False,streaming_measured,measured,42
formal-mixed_70p30d-real_pd_nixl_3p1d-r8-rep1,mixed_70p30d-synthetic_unique-000129,mixed_70p30d,synthetic_unique,prefill_heavy,real_pd_nixl_3p1d,real_disaggregated_pd,NixlConnector,http://127.0.0.1:8700/v1/completions,2048,64,2048,64,8.0,64,15.997167184796252,15.998397559858859,492.48167406767607,33.50358584984427,2603.2075826078653,True,,False,streaming_measured,measured,42
formal-mixed_70p30d-real_pd_nixl_3p1d-r8-rep1,mixed_70p30d-synthetic_unique-000130,mixed_70p30d,synthetic_unique,prefill_heavy,real_pd_nixl_3p1d,real_disaggregated_pd,NixlConnector,http://127.0.0.1:8700/v1/completions,2048,64,2048,64,8.0,64,16.219892482562187,16.22080065868795,972.5441336631775,33.25481287070683,3067.597344517708,True,,False,streaming_measured,measured,42
formal-mixed_70p30d-real_pd_nixl_3p1d-r8-rep1,mixed_70p30d-synthetic_unique-000131,mixed_70p30d,synthetic_unique,prefill_heavy,real_pd_nixl_3p1d,real_disaggregated_pd,NixlConnector,http://127.0.0.1:8700/v1/completions,2048,64,2048,64,8.0,64,16.265825912414943,16.266141191124916,520.4776469618082,33.30151917087653,2618.47335472703,True,,False,streaming_measured,measured,42
formal-mixed_70p30d-real_pd_nixl_3p1d-r8-rep1,mixed_70p30d-synthetic_unique-000132,mixed_70p30d,synthetic_unique,prefill_heavy,real_pd_nixl_3p1d,real_disaggregated_pd,NixlConnector,http://127.0.0.1:8700/v1/completions,2048,64,2048,64,8.0,64,16.273284733223953,16.274301297031343,530.120886862278,33.32185927068903,2629.398020915687,True,,False,streaming_measured,measured,42
formal-mixed_70p30d-real_pd_nixl_3p1d-r8-rep1,mixed_70p30d-synthetic_unique-000133,mixed_70p30d,synthetic_unique,prefill_heavy,real_pd_nixl_3p1d,real_disaggregated_pd,NixlConnector,http://127.0.0.1:8700/v1/completions,2048,64,2048,64,8.0,64,16.53626134814205,16.536849468946457,504.5918207615614,33.243601284329856,2598.938701674342,True,,False,streaming_measured,measured,42
formal-mixed_70p30d-real_pd_nixl_3p1d-r8-rep1,mixed_70p30d-synthetic_unique-000134,mixed_70p30d,synthetic_unique,prefill_heavy,real_pd_nixl_3p1d,real_disaggregated_pd,NixlConnector,http://127.0.0.1:8700/v1/completions,2048,64,2048,64,8.0,64,16.903325092862747,16.90385262016207,505.19500207155943,33.602835743555,2622.1736539155245,True,,False,streaming_measured,measured,42
formal-mixed_70p30d-real_pd_nixl_3p1d-r8-rep1,mixed_70p30d-synthetic_unique-000135,mixed_70p30d,synthetic_unique,decode_heavy,real_pd_nixl_3p1d,real_disaggregated_pd,NixlConnector,http://127.0.0.1:8700/v1/completions,256,512,256,512,8.0,64,16.91451829587555,16.91515708528459,281.50533977895975,31.91702320821831,16591.104199178517,True,,False,streaming_measured,measured,42
formal-mixed_70p30d-real_pd_nixl_3p1d-r8-rep1,mixed_70p30d-synthetic_unique-000136,mixed_70p30d,synthetic_unique,prefill_heavy,real_pd_nixl_3p1d,real_disaggregated_pd,NixlConnector,http://127.0.0.1:8700/v1/completions,2048,64,2048,64,8.0,64,16.997707478355593,16.99846229236573,1178.2548567280173,33.62050031622251,3296.3463766500354,True,,False,streaming_measured,measured,42
formal-mixed_70p30d-real_pd_nixl_3p1d-r8-rep1,mixed_70p30d-synthetic_unique-000137,mixed_70p30d,synthetic_unique,prefill_heavy,real_pd_nixl_3p1d,real_disaggregated_pd,NixlConnector,http://127.0.0.1:8700/v1/completions,2048,64,2048,64,8.0,64,17.00667301545484,17.008662302047014,593.8889710232615,33.218971956225616,2686.6842042654753,True,,False,streaming_measured,measured,42
formal-mixed_70p30d-real_pd_nixl_3p1d-r8-rep1,mixed_70p30d-synthetic_unique-000138,mixed_70p30d,synthetic_unique,prefill_heavy,real_pd_nixl_3p1d,real_disaggregated_pd,NixlConnector,http://127.0.0.1:8700/v1/completions,2048,64,2048,64,8.0,64,17.18537658175679,17.186032569035888,489.821407943964,33.99157753243806,2631.2907924875617,True,,False,streaming_measured,measured,42
formal-mixed_70p30d-real_pd_nixl_3p1d-r8-rep1,mixed_70p30d-synthetic_unique-000139,mixed_70p30d,synthetic_unique,prefill_heavy,real_pd_nixl_3p1d,real_disaggregated_pd,NixlConnector,http://127.0.0.1:8700/v1/completions,4096,64,4096,64,8.0,64,17.366842437602767,17.367918072268367,861.0422583296895,33.62267764492167,2979.270949959755,True,,False,streaming_measured,measured,42
formal-mixed_70p30d-real_pd_nixl_3p1d-r8-rep1,mixed_70p30d-synthetic_unique-000140,mixed_70p30d,synthetic_unique,decode_heavy,real_pd_nixl_3p1d,real_disaggregated_pd,NixlConnector,http://127.0.0.1:8700/v1/completions,256,512,256,512,8.0,64,17.384019297983986,17.384819329716265,260.1061472669244,31.687196615697005,16452.263617888093,True,,False,streaming_measured,measured,42
formal-mixed_70p30d-real_pd_nixl_3p1d-r8-rep1,mixed_70p30d-synthetic_unique-000141,mixed_70p30d,synthetic_unique,prefill_heavy,real_pd_nixl_3p1d,real_disaggregated_pd,NixlConnector,http://127.0.0.1:8700/v1/completions,4096,64,4096,64,8.0,64,17.464631176000978,17.46515415236354,832.5251704081893,33.32570573640248,2932.0446318015456,True,,False,streaming_measured,measured,42
formal-mixed_70p30d-real_pd_nixl_3p1d-r8-rep1,mixed_70p30d-synthetic_unique-000142,mixed_70p30d,synthetic_unique,prefill_heavy,real_pd_nixl_3p1d,real_disaggregated_pd,NixlConnector,http://127.0.0.1:8700/v1/completions,4096,64,4096,64,8.0,64,17.564390092568242,17.565590866841376,822.7901579812169,33.29574591701939,2920.4221507534385,True,,False,streaming_measured,measured,42
formal-mixed_70p30d-real_pd_nixl_3p1d-r8-rep1,mixed_70p30d-synthetic_unique-000143,mixed_70p30d,synthetic_unique,prefill_heavy,real_pd_nixl_3p1d,real_disaggregated_pd,NixlConnector,http://127.0.0.1:8700/v1/completions,4096,64,4096,64,8.0,64,17.60288532118255,17.60397421102971,931.5345594659448,32.060923542649974,2951.372742652893,True,,False,streaming_measured,measured,42
formal-mixed_70p30d-real_pd_nixl_3p1d-r8-rep1,mixed_70p30d-synthetic_unique-000144,mixed_70p30d,synthetic_unique,prefill_heavy,real_pd_nixl_3p1d,real_disaggregated_pd,NixlConnector,http://127.0.0.1:8700/v1/completions,4096,64,4096,64,8.0,64,17.860274556717215,17.86103589925915,899.7006146237254,32.02960344534072,2917.5656316801906,True,,False,streaming_measured,measured,42
formal-mixed_70p30d-real_pd_nixl_3p1d-r8-rep1,mixed_70p30d-synthetic_unique-000145,mixed_70p30d,synthetic_unique,prefill_heavy,real_pd_nixl_3p1d,real_disaggregated_pd,NixlConnector,http://127.0.0.1:8700/v1/completions,4096,64,4096,64,8.0,64,17.929043569908146,17.92935299500823,943.1551769375801,32.18807176583343,2971.0036981850863,True,,False,streaming_measured,measured,42
formal-mixed_70p30d-real_pd_nixl_3p1d-r8-rep1,mixed_70p30d-synthetic_unique-000146,mixed_70p30d,synthetic_unique,decode_heavy,real_pd_nixl_3p1d,real_disaggregated_pd,NixlConnector,http://127.0.0.1:8700/v1/completions,256,512,256,512,8.0,64,17.958793712088635,17.959614265710115,943.2898927479982,30.799249110564794,16681.706188246608,True,,False,streaming_measured,measured,42
formal-mixed_70p30d-real_pd_nixl_3p1d-r8-rep1,mixed_70p30d-synthetic_unique-000147,mixed_70p30d,synthetic_unique,prefill_heavy,real_pd_nixl_3p1d,real_disaggregated_pd,NixlConnector,http://127.0.0.1:8700/v1/completions,4096,64,4096,64,8.0,64,18.0556686767564,18.05597786605358,1357.2991071268916,32.015609983650464,3374.282536096871,True,,False,streaming_measured,measured,42
formal-mixed_70p30d-real_pd_nixl_3p1d-r8-rep1,mixed_70p30d-synthetic_unique-000148,mixed_70p30d,synthetic_unique,decode_heavy,real_pd_nixl_3p1d,real_disaggregated_pd,NixlConnector,http://127.0.0.1:8700/v1/completions,256,256,256,256,8.0,64,18.219303433368953,18.219818678684533,728.6779480054975,31.680849771581443,8807.294639758766,True,,False,streaming_measured,measured,42
formal-mixed_70p30d-real_pd_nixl_3p1d-r8-rep1,mixed_70p30d-synthetic_unique-000149,mixed_70p30d,synthetic_unique,decode_heavy,real_pd_nixl_3p1d,real_disaggregated_pd,NixlConnector,http://127.0.0.1:8700/v1/completions,256,256,256,256,8.0,64,18.247376360451465,18.24800389725715,326.23150665313005,31.660333418232554,8399.616528302431,True,,False,streaming_measured,measured,42
formal-mixed_70p30d-real_pd_nixl_3p1d-r8-rep1,mixed_70p30d-synthetic_unique-000150,mixed_70p30d,synthetic_unique,prefill_heavy,real_pd_nixl_3p1d,real_disaggregated_pd,NixlConnector,http://127.0.0.1:8700/v1/completions,2048,64,2048,64,8.0,64,18.294070630295668,18.295130604878068,887.2074093669653,31.925817655902062,2898.533921688795,True,,False,streaming_measured,measured,42
formal-mixed_70p30d-real_pd_nixl_3p1d-r8-rep1,mixed_70p30d-synthetic_unique-000151,mixed_70p30d,synthetic_unique,prefill_heavy,real_pd_nixl_3p1d,real_disaggregated_pd,NixlConnector,http://127.0.0.1:8700/v1/completions,4096,64,4096,64,8.0,64,18.960151122244593,18.961162865161896,872.0342125743628,31.450272330807316,2853.4013694152236,True,,False,streaming_measured,measured,42
formal-mixed_70p30d-real_pd_nixl_3p1d-r8-rep1,mixed_70p30d-synthetic_unique-000152,mixed_70p30d,synthetic_unique,decode_heavy,real_pd_nixl_3p1d,real_disaggregated_pd,NixlConnector,http://127.0.0.1:8700/v1/completions,256,256,256,256,8.0,64,19.091335344548817,19.092487134039402,282.31021761894226,31.643665304370955,8351.444870233536,True,,False,streaming_measured,measured,42
formal-mixed_70p30d-real_pd_nixl_3p1d-r8-rep1,mixed_70p30d-synthetic_unique-000153,mixed_70p30d,synthetic_unique,decode_heavy,real_pd_nixl_3p1d,real_disaggregated_pd,NixlConnector,http://127.0.0.1:8700/v1/completions,256,256,256,256,8.0,64,19.163389285824397,19.164749277755618,502.24228762090206,31.59652810324641,8559.356953948736,True,,False,streaming_measured,measured,42
formal-mixed_70p30d-real_pd_nixl_3p1d-r8-rep1,mixed_70p30d-synthetic_unique-000154,mixed_70p30d,synthetic_unique,decode_heavy,real_pd_nixl_3p1d,real_disaggregated_pd,NixlConnector,http://127.0.0.1:8700/v1/completions,256,256,256,256,8.0,64,19.254505730080794,19.254836759530008,868.8541166484356,31.531676036470078,8909.431505948305,True,,False,streaming_measured,measured,42
formal-mixed_70p30d-real_pd_nixl_3p1d-r8-rep1,mixed_70p30d-synthetic_unique-000155,mixed_70p30d,synthetic_unique,prefill_heavy,real_pd_nixl_3p1d,real_disaggregated_pd,NixlConnector,http://127.0.0.1:8700/v1/completions,2048,64,2048,64,8.0,64,19.2706276244264,19.271080513484776,494.6335144340992,31.35028349915667,2469.7013748809695,True,,False,streaming_measured,measured,42
formal-mixed_70p30d-real_pd_nixl_3p1d-r8-rep1,mixed_70p30d-synthetic_unique-000156,mixed_70p30d,synthetic_unique,decode_heavy,real_pd_nixl_3p1d,real_disaggregated_pd,NixlConnector,http://127.0.0.1:8700/v1/completions,256,512,256,512,8.0,64,19.302440348551947,19.304138893261552,285.4574313387275,30.13744200862317,15685.690297745168,True,,False,streaming_measured,measured,42
formal-mixed_70p30d-real_pd_nixl_3p1d-r8-rep1,mixed_70p30d-synthetic_unique-000157,mixed_70p30d,synthetic_unique,prefill_heavy,real_pd_nixl_3p1d,real_disaggregated_pd,NixlConnector,http://127.0.0.1:8700/v1/completions,2048,64,2048,64,8.0,64,19.354017720971353,19.35434320848435,489.17624074965715,31.453805221688178,2470.7659697160125,True,,False,streaming_measured,measured,42
formal-mixed_70p30d-real_pd_nixl_3p1d-r8-rep1,mixed_70p30d-synthetic_unique-000158,mixed_70p30d,synthetic_unique,prefill_heavy,real_pd_nixl_3p1d,real_disaggregated_pd,NixlConnector,http://127.0.0.1:8700/v1/completions,4096,64,4096,64,8.0,64,19.464952911865655,19.51957585569471,796.5098964050412,31.658035939529775,2790.966160595417,True,,False,streaming_measured,measured,42
formal-mixed_70p30d-real_pd_nixl_3p1d-r8-rep1,mixed_70p30d-synthetic_unique-000159,mixed_70p30d,synthetic_unique,decode_heavy,real_pd_nixl_3p1d,real_disaggregated_pd,NixlConnector,http://127.0.0.1:8700/v1/completions,256,512,256,512,8.0,64,19.497642134191743,19.81832693889737,298.24260901659727,29.97487814415341,15615.40534067899,True,,False,streaming_measured,measured,42
formal-mixed_70p30d-real_pd_nixl_3p1d-r8-rep1,mixed_70p30d-synthetic_unique-000160,mixed_70p30d,synthetic_unique,prefill_heavy,real_pd_nixl_3p1d,real_disaggregated_pd,NixlConnector,http://127.0.0.1:8700/v1/completions,2048,64,2048,64,8.0,64,19.528734646211348,19.915630728937685,678.2549107447267,31.68722406207096,2674.550026655197,True,,False,streaming_measured,measured,42
formal-mixed_70p30d-real_pd_nixl_3p1d-r8-rep1,mixed_70p30d-synthetic_unique-000161,mixed_70p30d,synthetic_unique,prefill_heavy,real_pd_nixl_3p1d,real_disaggregated_pd,NixlConnector,http://127.0.0.1:8700/v1/completions,4096,64,4096,64,8.0,64,19.53793953343566,19.915776652283967,831.9175476208329,31.93533101252147,2843.8434014096856,True,,False,streaming_measured,measured,42
formal-mixed_70p30d-real_pd_nixl_3p1d-r8-rep1,mixed_70p30d-synthetic_unique-000162,mixed_70p30d,synthetic_unique,decode_heavy,real_pd_nixl_3p1d,real_disaggregated_pd,NixlConnector,http://127.0.0.1:8700/v1/completions,256,256,256,256,8.0,64,19.66259424479394,19.942018748261034,395.4738760367036,31.678940140295264,8473.603611811996,True,,False,streaming_measured,measured,42
formal-mixed_70p30d-real_pd_nixl_3p1d-r8-rep1,mixed_70p30d-synthetic_unique-000163,mixed_70p30d,synthetic_unique,prefill_heavy,real_pd_nixl_3p1d,real_disaggregated_pd,NixlConnector,http://127.0.0.1:8700/v1/completions,4096,64,4096,64,8.0,64,19.69509316990529,20.32471418939531,818.32480058074,31.8901397376543,2827.403604052961,True,,False,streaming_measured,measured,42
formal-mixed_70p30d-real_pd_nixl_3p1d-r8-rep1,mixed_70p30d-synthetic_unique-000164,mixed_70p30d,synthetic_unique,prefill_heavy,real_pd_nixl_3p1d,real_disaggregated_pd,NixlConnector,http://127.0.0.1:8700/v1/completions,4096,64,4096,64,8.0,64,19.989881842315416,20.346184849739075,1131.117849610746,31.880150504765055,3139.5673314109445,True,,False,streaming_measured,measured,42
formal-mixed_70p30d-real_pd_nixl_3p1d-r8-rep1,mixed_70p30d-synthetic_unique-000165,mixed_70p30d,synthetic_unique,prefill_heavy,real_pd_nixl_3p1d,real_disaggregated_pd,NixlConnector,http://127.0.0.1:8700/v1/completions,2048,64,2048,64,8.0,64,20.235320837033186,20.410523262806237,492.08541959524155,31.944675238004752,2504.599959589541,True,,False,streaming_measured,measured,42
formal-mixed_70p30d-real_pd_nixl_3p1d-r8-rep1,mixed_70p30d-synthetic_unique-000166,mixed_70p30d,synthetic_unique,decode_heavy,real_pd_nixl_3p1d,real_disaggregated_pd,NixlConnector,http://127.0.0.1:8700/v1/completions,256,512,256,512,8.0,64,20.2445074619869,20.722796087153256,599.3353417143226,29.47956870935143,15663.394952192903,True,,False,streaming_measured,measured,42
formal-mixed_70p30d-real_pd_nixl_3p1d-r8-rep1,mixed_70p30d-synthetic_unique-000167,mixed_70p30d,synthetic_unique,prefill_heavy,real_pd_nixl_3p1d,real_disaggregated_pd,NixlConnector,http://127.0.0.1:8700/v1/completions,4096,64,4096,64,8.0,64,20.27848431263228,20.848075304180384,1341.8719368055463,31.63765673895204,3335.0443113595247,True,,False,streaming_measured,measured,42
formal-mixed_70p30d-real_pd_nixl_3p1d-r8-rep1,mixed_70p30d-synthetic_unique-000168,mixed_70p30d,synthetic_unique,decode_heavy,real_pd_nixl_3p1d,real_disaggregated_pd,NixlConnector,http://127.0.0.1:8700/v1/completions,256,512,256,512,8.0,64,20.416680533982525,20.878520297817886,292.6166672259569,29.439692108467252,15336.299334652722,True,,False,streaming_measured,measured,42
formal-mixed_70p30d-real_pd_nixl_3p1d-r8-rep1,mixed_70p30d-synthetic_unique-000169,mixed_70p30d,synthetic_unique,prefill_heavy,real_pd_nixl_3p1d,real_disaggregated_pd,NixlConnector,http://127.0.0.1:8700/v1/completions,2048,64,2048,64,8.0,64,20.446818010681167,20.93922270834446,494.1619988530874,31.50056836210073,2478.6978056654334,True,,False,streaming_measured,measured,42
formal-mixed_70p30d-real_pd_nixl_3p1d-r8-rep1,mixed_70p30d-synthetic_unique-000170,mixed_70p30d,synthetic_unique,prefill_heavy,real_pd_nixl_3p1d,real_disaggregated_pd,NixlConnector,http://127.0.0.1:8700/v1/completions,4096,64,4096,64,8.0,64,20.464558373381212,21.131608253344893,862.8596533089876,31.4686798475801,2845.386483706534,True,,False,streaming_measured,measured,42
formal-mixed_70p30d-real_pd_nixl_3p1d-r8-rep1,mixed_70p30d-synthetic_unique-000171,mixed_70p30d,synthetic_unique,decode_heavy,real_pd_nixl_3p1d,real_disaggregated_pd,NixlConnector,http://127.0.0.1:8700/v1/completions,256,256,256,256,8.0,64,20.807222231350373,21.228400263004005,245.9471896290779,31.459649363715275,8268.157777376473,True,,False,streaming_measured,measured,42
formal-mixed_70p30d-real_pd_nixl_3p1d-r8-rep1,mixed_70p30d-synthetic_unique-000172,mixed_70p30d,synthetic_unique,prefill_heavy,real_pd_nixl_3p1d,real_disaggregated_pd,NixlConnector,http://127.0.0.1:8700/v1/completions,4096,64,4096,64,8.0,64,20.913022083318037,21.624187845736742,840.7589495182037,31.20891900644416,2806.9208469241858,True,,False,streaming_measured,measured,42
formal-mixed_70p30d-real_pd_nixl_3p1d-r8-rep1,mixed_70p30d-synthetic_unique-000173,mixed_70p30d,synthetic_unique,decode_heavy,real_pd_nixl_3p1d,real_disaggregated_pd,NixlConnector,http://127.0.0.1:8700/v1/completions,256,512,256,512,8.0,64,20.993013419155417,21.685656670480967,295.4024374485016,28.617022708495767,14918.70104148984,True,,False,streaming_measured,measured,42
formal-mixed_70p30d-real_pd_nixl_3p1d-r8-rep1,mixed_70p30d-synthetic_unique-000174,mixed_70p30d,synthetic_unique,decode_heavy,real_pd_nixl_3p1d,real_disaggregated_pd,NixlConnector,http://127.0.0.1:8700/v1/completions,256,512,256,512,8.0,64,21.184932006166907,22.519457310438156,297.1440218389034,28.5802507598077,14901.652160100639,True,,False,streaming_measured,measured,42
formal-mixed_70p30d-real_pd_nixl_3p1d-r8-rep1,mixed_70p30d-synthetic_unique-000175,mixed_70p30d,synthetic_unique,prefill_heavy,real_pd_nixl_3p1d,real_disaggregated_pd,NixlConnector,http://127.0.0.1:8700/v1/completions,2048,64,2048,64,8.0,64,21.390887447336716,22.94368316605687,1071.7132203280926,31.17927678284191,3036.007657647133,True,,False,streaming_measured,measured,42
formal-mixed_70p30d-real_pd_nixl_3p1d-r8-rep1,mixed_70p30d-synthetic_unique-000176,mixed_70p30d,synthetic_unique,prefill_heavy,real_pd_nixl_3p1d,real_disaggregated_pd,NixlConnector,http://127.0.0.1:8700/v1/completions,4096,64,4096,64,8.0,64,21.41729085065225,22.974962266162038,812.8360491245985,31.268077000739083,2782.7249001711607,True,,False,streaming_measured,measured,42
formal-mixed_70p30d-real_pd_nixl_3p1d-r8-rep1,mixed_70p30d-synthetic_unique-000177,mixed_70p30d,synthetic_unique,prefill_heavy,real_pd_nixl_3p1d,real_disaggregated_pd,NixlConnector,http://127.0.0.1:8700/v1/completions,2048,64,2048,64,8.0,64,21.43003536450392,23.01116426754743,497.1810532733798,31.219126065335576,2463.985995389521,True,,False,streaming_measured,measured,42
formal-mixed_70p30d-real_pd_nixl_3p1d-r8-rep1,mixed_70p30d-synthetic_unique-000178,mixed_70p30d,synthetic_unique,prefill_heavy,real_pd_nixl_3p1d,real_disaggregated_pd,NixlConnector,http://127.0.0.1:8700/v1/completions,2048,64,2048,64,8.0,64,21.500530964554763,23.01123866252601,498.5199151560664,31.240055056673192,2466.6433837264776,True,,False,streaming_measured,measured,42
formal-mixed_70p30d-real_pd_nixl_3p1d-r8-rep1,mixed_70p30d-synthetic_unique-000179,mixed_70p30d,synthetic_unique,prefill_heavy,real_pd_nixl_3p1d,real_disaggregated_pd,NixlConnector,http://127.0.0.1:8700/v1/completions,2048,64,2048,64,8.0,64,21.569395505615606,23.01127329096198,506.6474126651883,31.311141785293344,2479.249345138669,True,,False,streaming_measured,measured,42
formal-mixed_70p30d-real_pd_nixl_3p1d-r8-rep1,mixed_70p30d-synthetic_unique-000180,mixed_70p30d,synthetic_unique,decode_heavy,real_pd_nixl_3p1d,real_disaggregated_pd,NixlConnector,http://127.0.0.1:8700/v1/completions,256,256,256,256,8.0,64,21.648055522788358,23.345224030315876,248.46659135073423,30.143459440738546,7935.048748739064,True,,False,streaming_measured,measured,42
formal-mixed_70p30d-real_pd_nixl_3p1d-r8-rep1,mixed_70p30d-synthetic_unique-000181,mixed_70p30d,synthetic_unique,decode_heavy,real_pd_nixl_3p1d,real_disaggregated_pd,NixlConnector,http://127.0.0.1:8700/v1/completions,256,256,256,256,8.0,64,21.811295070861348,23.626226012594998,279.10424675792456,29.91145562526642,7906.525431200862,True,,False,streaming_measured,measured,42
formal-mixed_70p30d-real_pd_nixl_3p1d-r8-rep1,mixed_70p30d-synthetic_unique-000182,mixed_70p30d,synthetic_unique,prefill_heavy,real_pd_nixl_3p1d,real_disaggregated_pd,NixlConnector,http://127.0.0.1:8700/v1/completions,4096,64,4096,64,8.0,64,21.95115889004757,23.76344599481672,862.1780825778842,32.3509836776389,2900.290054269135,True,,False,streaming_measured,measured,42
formal-mixed_70p30d-real_pd_nixl_3p1d-r8-rep1,mixed_70p30d-synthetic_unique-000183,mixed_70p30d,synthetic_unique,decode_heavy,real_pd_nixl_3p1d,real_disaggregated_pd,NixlConnector,http://127.0.0.1:8700/v1/completions,256,512,256,512,8.0,64,22.469352133435695,24.144295039586723,245.50175946205854,27.41673629031081,14255.454003810883,True,,False,streaming_measured,measured,42
formal-mixed_70p30d-real_pd_nixl_3p1d-r8-rep1,mixed_70p30d-synthetic_unique-000184,mixed_70p30d,synthetic_unique,prefill_heavy,real_pd_nixl_3p1d,real_disaggregated_pd,NixlConnector,http://127.0.0.1:8700/v1/completions,2048,64,2048,64,8.0,64,22.482302650691963,24.175184881314635,491.8664889410138,32.078495456112755,2512.8117026761174,True,,False,streaming_measured,measured,42
formal-mixed_70p30d-real_pd_nixl_3p1d-r8-rep1,mixed_70p30d-synthetic_unique-000185,mixed_70p30d,synthetic_unique,decode_heavy,real_pd_nixl_3p1d,real_disaggregated_pd,NixlConnector,http://127.0.0.1:8700/v1/completions,256,256,256,256,8.0,64,22.546703150489233,24.2082047611475,770.8981772884727,29.236104043529313,8226.104708388448,True,,False,streaming_measured,measured,42
formal-mixed_70p30d-real_pd_nixl_3p1d-r8-rep1,mixed_70p30d-synthetic_unique-000186,mixed_70p30d,synthetic_unique,decode_heavy,real_pd_nixl_3p1d,real_disaggregated_pd,NixlConnector,http://127.0.0.1:8700/v1/completions,256,512,256,512,8.0,64,22.59851056840671,24.208298535086215,239.31084759533405,27.266677736929836,14172.58317116648,True,,False,streaming_measured,measured,42
formal-mixed_70p30d-real_pd_nixl_3p1d-r8-rep1,mixed_70p30d-synthetic_unique-000187,mixed_70p30d,synthetic_unique,prefill_heavy,real_pd_nixl_3p1d,real_disaggregated_pd,NixlConnector,http://127.0.0.1:8700/v1/completions,2048,64,2048,64,8.0,64,22.84577700337993,24.61855148244649,482.21719544380903,32.43910153174684,2525.88059194386,True,,False,streaming_measured,measured,42
formal-mixed_70p30d-real_pd_nixl_3p1d-r8-rep1,mixed_70p30d-synthetic_unique-000188,mixed_70p30d,synthetic_unique,prefill_heavy,real_pd_nixl_3p1d,real_disaggregated_pd,NixlConnector,http://127.0.0.1:8700/v1/completions,2048,64,2048,64,8.0,64,22.88151351845479,25.44087402522564,586.2478716298938,32.3959415305465,2627.192188054323,True,,False,streaming_measured,measured,42
formal-mixed_70p30d-real_pd_nixl_3p1d-r8-rep1,mixed_70p30d-synthetic_unique-000189,mixed_70p30d,synthetic_unique,prefill_heavy,real_pd_nixl_3p1d,real_disaggregated_pd,NixlConnector,http://127.0.0.1:8700/v1/completions,2048,64,2048,64,8.0,64,22.907885890484277,25.89298075158149,497.4645460024476,32.39024930175335,2538.0502520129085,True,,False,streaming_measured,measured,42
formal-mixed_70p30d-real_pd_nixl_3p1d-r8-rep1,mixed_70p30d-synthetic_unique-000190,mixed_70p30d,synthetic_unique,prefill_heavy,real_pd_nixl_3p1d,real_disaggregated_pd,NixlConnector,http://127.0.0.1:8700/v1/completions,4096,64,4096,64,8.0,64,22.982300809306356,25.894407882355154,920.0853863731027,32.035842966583985,2938.343493267894,True,,False,streaming_measured,measured,42
formal-mixed_70p30d-real_pd_nixl_3p1d-r8-rep1,mixed_70p30d-synthetic_unique-000191,mixed_70p30d,synthetic_unique,prefill_heavy,real_pd_nixl_3p1d,real_disaggregated_pd,NixlConnector,http://127.0.0.1:8700/v1/completions,2048,64,2048,64,8.0,64,23.050797891293904,25.894808155484498,715.5651478096843,32.3478833934854,2753.481801599264,True,,False,streaming_measured,measured,42
formal-mixed_70p30d-real_pd_nixl_3p1d-r8-rep1,mixed_70p30d-synthetic_unique-000192,mixed_70p30d,synthetic_unique,prefill_heavy,real_pd_nixl_3p1d,real_disaggregated_pd,NixlConnector,http://127.0.0.1:8700/v1/completions,2048,64,2048,64,8.0,64,23.091608575456,25.982452511787415,686.3127322867513,32.349041766590545,2724.3023635819554,True,,False,streaming_measured,measured,42
formal-mixed_70p30d-real_pd_nixl_3p1d-r8-rep1,mixed_70p30d-synthetic_unique-000193,mixed_70p30d,synthetic_unique,decode_heavy,real_pd_nixl_3p1d,real_disaggregated_pd,NixlConnector,http://127.0.0.1:8700/v1/completions,256,512,256,512,8.0,64,23.127536579987932,26.384763113223016,858.654236420989,26.808693214026217,14557.896468788385,True,,False,streaming_measured,measured,42
formal-mixed_70p30d-real_pd_nixl_3p1d-r8-rep1,mixed_70p30d-synthetic_unique-000194,mixed_70p30d,synthetic_unique,prefill_heavy,real_pd_nixl_3p1d,real_disaggregated_pd,NixlConnector,http://127.0.0.1:8700/v1/completions,4096,64,4096,64,8.0,64,23.448462225121485,26.385802478529513,990.5505692586303,31.707047218722956,2988.0945440381765,True,,False,streaming_measured,measured,42
formal-mixed_70p30d-real_pd_nixl_3p1d-r8-rep1,mixed_70p30d-synthetic_unique-000195,mixed_70p30d,synthetic_unique,prefill_heavy,real_pd_nixl_3p1d,real_disaggregated_pd,NixlConnector,http://127.0.0.1:8700/v1/completions,4096,64,4096,64,8.0,64,23.52164032479706,26.66255387570709,810.6113215908408,31.229922370541665,2778.0964309349656,True,,False,streaming_measured,measured,42
formal-mixed_70p30d-real_pd_nixl_3p1d-r8-rep1,mixed_70p30d-synthetic_unique-000196,mixed_70p30d,synthetic_unique,decode_heavy,real_pd_nixl_3p1d,real_disaggregated_pd,NixlConnector,http://127.0.0.1:8700/v1/completions,256,256,256,256,8.0,64,23.768614831062138,26.692628107964993,327.23405957221985,28.13899901640766,7502.678808756173,True,,False,streaming_measured,measured,42
formal-mixed_70p30d-real_pd_nixl_3p1d-r8-rep1,mixed_70p30d-synthetic_unique-000197,mixed_70p30d,synthetic_unique,decode_heavy,real_pd_nixl_3p1d,real_disaggregated_pd,NixlConnector,http://127.0.0.1:8700/v1/completions,256,512,256,512,8.0,64,23.868518690337535,26.814597143791616,286.8265435099602,26.27744825480327,13714.602601714432,True,,False,streaming_measured,measured,42
formal-mixed_70p30d-real_pd_nixl_3p1d-r8-rep1,mixed_70p30d-synthetic_unique-000198,mixed_70p30d,synthetic_unique,decode_heavy,real_pd_nixl_3p1d,real_disaggregated_pd,NixlConnector,http://127.0.0.1:8700/v1/completions,256,256,256,256,8.0,64,23.875007787895804,26.99782463349402,257.7989334240556,27.85327930514719,7360.385156236589,True,,False,streaming_measured,measured,42
formal-mixed_70p30d-real_pd_nixl_3p1d-r8-rep1,mixed_70p30d-synthetic_unique-000199,mixed_70p30d,synthetic_unique,prefill_heavy,real_pd_nixl_3p1d,real_disaggregated_pd,NixlConnector,http://127.0.0.1:8700/v1/completions,2048,64,2048,64,8.0,64,24.779969486298942,27.088420984335244,505.6917704641819,30.557753488657966,2430.830240249634,True,,False,streaming_measured,measured,42
