request_id,workload_name,request_type,prompt_len_target,output_len_target,prompt_len_actual,output_len_actual,ttft_ms,tpot_ms,total_latency_ms,tokens_per_second,ttft_method,backend,model_name,success,error_msg,data_source
mixed_70p30d-synthetic_unique-000000,mixed_70p30d,prefill_heavy,2048,64,2048,64,944.0555572509766,534.2363512276539,34600.94568459317,1.8496604278795017,offline_proxy,vllm,meta-llama/Llama-3.1-8B-Instruct,True,,measured
mixed_70p30d-synthetic_unique-000001,mixed_70p30d,decode_heavy,256,256,256,256,1383.9654922485352,288.86052301226584,75043.39886037633,3.411359345227773,offline_proxy,vllm,meta-llama/Llama-3.1-8B-Instruct,True,,measured
mixed_70p30d-synthetic_unique-000002,mixed_70p30d,prefill_heavy,2048,64,2048,64,1382.6889991760254,518.1696551467572,34027.377273421735,1.8808384638562616,offline_proxy,vllm,meta-llama/Llama-3.1-8B-Instruct,True,,measured
mixed_70p30d-synthetic_unique-000003,mixed_70p30d,prefill_heavy,2048,64,2048,64,1378.2031536102295,518.1696551467572,34022.89142785594,1.8810864483904672,offline_proxy,vllm,meta-llama/Llama-3.1-8B-Instruct,True,,measured
mixed_70p30d-synthetic_unique-000004,mixed_70p30d,prefill_heavy,2048,64,2048,64,1373.7890720367432,518.1696551467572,34018.47734628245,1.881330529539234,offline_proxy,vllm,meta-llama/Llama-3.1-8B-Instruct,True,,measured
mixed_70p30d-synthetic_unique-000005,mixed_70p30d,prefill_heavy,2048,64,2048,64,2476.0169982910156,504.3981036333929,34253.09752719477,1.8684441589315564,offline_proxy,vllm,meta-llama/Llama-3.1-8B-Instruct,True,,measured
mixed_70p30d-synthetic_unique-000006,mixed_70p30d,prefill_heavy,2048,64,2048,64,2472.137928009033,504.3981036333929,34249.218456912786,1.868655779124279,offline_proxy,vllm,meta-llama/Llama-3.1-8B-Instruct,True,,measured
mixed_70p30d-synthetic_unique-000007,mixed_70p30d,prefill_heavy,4096,64,4096,64,2467.702865600586,504.3981036333929,34244.78339450434,1.8688977898534709,offline_proxy,vllm,meta-llama/Llama-3.1-8B-Instruct,True,,measured
mixed_70p30d-synthetic_unique-000008,mixed_70p30d,decode_heavy,256,256,256,256,2457.907199859619,284.64790306912334,75043.12248248607,3.4113719089946786,offline_proxy,vllm,meta-llama/Llama-3.1-8B-Instruct,True,,measured
mixed_70p30d-synthetic_unique-000009,mixed_70p30d,prefill_heavy,4096,64,4096,64,3568.2520866394043,502.90278153907923,35251.127323601395,1.8155447742844415,offline_proxy,vllm,meta-llama/Llama-3.1-8B-Instruct,True,,measured
mixed_70p30d-synthetic_unique-000010,mixed_70p30d,decode_heavy,256,512,256,512,3559.1115951538086,155.04241693918019,82785.78665107489,6.18463652653293,offline_proxy,vllm,meta-llama/Llama-3.1-8B-Instruct,True,,measured
mixed_70p30d-synthetic_unique-000011,mixed_70p30d,decode_heavy,256,256,256,256,3558.26735496521,280.4223411570431,75065.9643500112,3.4103338605808746,offline_proxy,vllm,meta-llama/Llama-3.1-8B-Instruct,True,,measured
mixed_70p30d-synthetic_unique-000012,mixed_70p30d,prefill_heavy,2048,64,2048,64,3557.065725326538,502.90278153907923,35239.94096228853,1.816121090227949,offline_proxy,vllm,meta-llama/Llama-3.1-8B-Instruct,True,,measured
mixed_70p30d-synthetic_unique-000013,mixed_70p30d,decode_heavy,256,256,256,256,3551.4211654663086,280.4223411570431,75059.1181605123,3.4106449192828183,offline_proxy,vllm,meta-llama/Llama-3.1-8B-Instruct,True,,measured
mixed_70p30d-synthetic_unique-000014,mixed_70p30d,decode_heavy,256,256,256,256,3550.623893737793,280.4223411570431,75058.32088878378,3.41068114725512,offline_proxy,vllm,meta-llama/Llama-3.1-8B-Instruct,True,,measured
mixed_70p30d-synthetic_unique-000015,mixed_70p30d,prefill_heavy,2048,64,2048,64,3549.9186515808105,502.90278153907923,35232.7938885428,1.8164894956233342,offline_proxy,vllm,meta-llama/Llama-3.1-8B-Instruct,True,,measured
mixed_70p30d-synthetic_unique-000016,mixed_70p30d,prefill_heavy,4096,64,4096,64,4696.658611297607,504.40889961337524,36474.41928694025,1.7546543920691111,offline_proxy,vllm,meta-llama/Llama-3.1-8B-Instruct,True,,measured
mixed_70p30d-synthetic_unique-000017,mixed_70p30d,prefill_heavy,4096,64,4096,64,4687.093257904053,504.40889961337524,36464.85393354669,1.7551146678561547,offline_proxy,vllm,meta-llama/Llama-3.1-8B-Instruct,True,,measured
mixed_70p30d-synthetic_unique-000018,mixed_70p30d,prefill_heavy,2048,64,2048,64,5798.058032989502,505.31448931655007,37632.870859932154,1.7006409167720717,offline_proxy,vllm,meta-llama/Llama-3.1-8B-Instruct,True,,measured
mixed_70p30d-synthetic_unique-000019,mixed_70p30d,prefill_heavy,2048,64,2048,64,5794.155597686768,505.31448931655007,37628.96842462942,1.700817287303307,offline_proxy,vllm,meta-llama/Llama-3.1-8B-Instruct,True,,measured
mixed_70p30d-synthetic_unique-000020,mixed_70p30d,decode_heavy,256,256,256,256,5788.766145706177,271.79265754005195,75095.89381841943,3.40897467202406,offline_proxy,vllm,meta-llama/Llama-3.1-8B-Instruct,True,,measured
mixed_70p30d-synthetic_unique-000021,mixed_70p30d,decode_heavy,256,512,256,512,5787.612199783325,150.71369023490587,82802.30790982023,6.183402527350057,offline_proxy,vllm,meta-llama/Llama-3.1-8B-Instruct,True,,measured
mixed_70p30d-synthetic_unique-000022,mixed_70p30d,decode_heavy,256,256,256,256,5786.624193191528,271.79265754005195,75093.75186590478,3.40907190863416,offline_proxy,vllm,meta-llama/Llama-3.1-8B-Instruct,True,,measured
mixed_70p30d-synthetic_unique-000023,mixed_70p30d,decode_heavy,256,512,256,512,5785.9039306640625,150.71369023490587,82800.59964070097,6.183530097870503,offline_proxy,vllm,meta-llama/Llama-3.1-8B-Instruct,True,,measured
mixed_70p30d-synthetic_unique-000024,mixed_70p30d,prefill_heavy,4096,64,4096,64,6925.406217575073,506.9740711607867,38864.772700704634,1.6467354766966038,offline_proxy,vllm,meta-llama/Llama-3.1-8B-Instruct,True,,measured
mixed_70p30d-synthetic_unique-000025,mixed_70p30d,prefill_heavy,4096,64,4096,64,6917.830228805542,506.9740711607867,38857.1967119351,1.64705654076024,offline_proxy,vllm,meta-llama/Llama-3.1-8B-Instruct,True,,measured
mixed_70p30d-synthetic_unique-000026,mixed_70p30d,prefill_heavy,2048,64,2048,64,6905.732870101929,506.9740711607867,38845.09935323149,1.6475694763456925,offline_proxy,vllm,meta-llama/Llama-3.1-8B-Instruct,True,,measured
mixed_70p30d-synthetic_unique-000027,mixed_70p30d,prefill_heavy,2048,64,2048,64,8042.424917221069,501.75601060664843,39653.05358543992,1.6139992815963096,offline_proxy,vllm,meta-llama/Llama-3.1-8B-Instruct,True,,measured
mixed_70p30d-synthetic_unique-000028,mixed_70p30d,prefill_heavy,4096,64,4096,64,8035.898447036743,501.75601060664843,39646.527115255594,1.6142649724135214,offline_proxy,vllm,meta-llama/Llama-3.1-8B-Instruct,True,,measured
mixed_70p30d-synthetic_unique-000029,mixed_70p30d,prefill_heavy,2048,64,2048,64,8027.265787124634,501.75601060664843,39637.894455343485,1.6146165400410748,offline_proxy,vllm,meta-llama/Llama-3.1-8B-Instruct,True,,measured
mixed_70p30d-synthetic_unique-000030,mixed_70p30d,prefill_heavy,4096,64,4096,64,9188.78197669983,503.4560283335547,40906.51176171377,1.5645430823534665,offline_proxy,vllm,meta-llama/Llama-3.1-8B-Instruct,True,,measured
mixed_70p30d-synthetic_unique-000031,mixed_70p30d,prefill_heavy,2048,64,2048,64,9179.055213928223,503.4560283335547,40896.78499894217,1.564915188361516,offline_proxy,vllm,meta-llama/Llama-3.1-8B-Instruct,True,,measured
mixed_70p30d-synthetic_unique-000032,mixed_70p30d,prefill_heavy,4096,64,4096,64,10352.840423583984,504.52808445940417,42138.109744526446,1.5188151625219335,offline_proxy,vllm,meta-llama/Llama-3.1-8B-Instruct,True,,measured
mixed_70p30d-synthetic_unique-000033,mixed_70p30d,prefill_heavy,4096,64,4096,64,10343.038082122803,504.52808445940417,42128.307403065264,1.5191685577983451,offline_proxy,vllm,meta-llama/Llama-3.1-8B-Instruct,True,,measured
mixed_70p30d-synthetic_unique-000034,mixed_70p30d,prefill_heavy,4096,64,4096,64,11496.79183959961,505.78806817620284,43361.44013470039,1.4759657382500868,offline_proxy,vllm,meta-llama/Llama-3.1-8B-Instruct,True,,measured
mixed_70p30d-synthetic_unique-000035,mixed_70p30d,prefill_heavy,2048,64,2048,64,11488.817930221558,505.78806817620284,43353.466225322336,1.4762372094395124,offline_proxy,vllm,meta-llama/Llama-3.1-8B-Instruct,True,,measured
mixed_70p30d-synthetic_unique-000036,mixed_70p30d,prefill_heavy,4096,64,4096,64,11482.731580734253,505.78806817620284,43347.37987583503,1.4764444859948325,offline_proxy,vllm,meta-llama/Llama-3.1-8B-Instruct,True,,measured
mixed_70p30d-synthetic_unique-000037,mixed_70p30d,prefill_heavy,2048,64,2048,64,12641.246795654297,507.15622705008303,44592.08909980953,1.435232151979921,offline_proxy,vllm,meta-llama/Llama-3.1-8B-Instruct,True,,measured
mixed_70p30d-synthetic_unique-000038,mixed_70p30d,prefill_heavy,2048,64,2048,64,12635.575771331787,507.15622705008303,44586.41807548702,1.435414701661946,offline_proxy,vllm,meta-llama/Llama-3.1-8B-Instruct,True,,measured
mixed_70p30d-synthetic_unique-000039,mixed_70p30d,prefill_heavy,4096,64,4096,64,12631.710052490234,507.15622705008303,44582.552356645465,1.4355391653672376,offline_proxy,vllm,meta-llama/Llama-3.1-8B-Instruct,True,,measured
mixed_70p30d-synthetic_unique-000040,mixed_70p30d,prefill_heavy,2048,64,2048,64,13759.372472763062,508.35983847667063,45786.04229679331,1.3978058986872146,offline_proxy,vllm,meta-llama/Llama-3.1-8B-Instruct,True,,measured
mixed_70p30d-synthetic_unique-000041,mixed_70p30d,prefill_heavy,2048,64,2048,64,13754.102945327759,508.35983847667063,45780.77276935801,1.3979667910463165,offline_proxy,vllm,meta-llama/Llama-3.1-8B-Instruct,True,,measured
mixed_70p30d-synthetic_unique-000042,mixed_70p30d,prefill_heavy,2048,64,2048,64,13750.178337097168,508.35983847667063,45776.84816112742,1.3980866435961232,offline_proxy,vllm,meta-llama/Llama-3.1-8B-Instruct,True,,measured
mixed_70p30d-synthetic_unique-000043,mixed_70p30d,prefill_heavy,2048,64,2048,64,13746.021509170532,508.35983847667063,45772.69133320078,1.3982136102531995,offline_proxy,vllm,meta-llama/Llama-3.1-8B-Instruct,True,,measured
mixed_70p30d-synthetic_unique-000044,mixed_70p30d,prefill_heavy,4096,64,4096,64,14905.986309051514,509.1080941806828,46979.79624243453,1.3622877304476675,offline_proxy,vllm,meta-llama/Llama-3.1-8B-Instruct,True,,measured
mixed_70p30d-synthetic_unique-000045,mixed_70p30d,prefill_heavy,2048,64,2048,64,14898.604393005371,509.1080941806828,46972.41432638839,1.3625018197977907,offline_proxy,vllm,meta-llama/Llama-3.1-8B-Instruct,True,,measured
mixed_70p30d-synthetic_unique-000046,mixed_70p30d,decode_heavy,256,256,256,256,14894.36149597168,236.55750343174327,75216.52487106621,3.4035074132822154,offline_proxy,vllm,meta-llama/Llama-3.1-8B-Instruct,True,,measured
mixed_70p30d-synthetic_unique-000047,mixed_70p30d,decode_heavy,256,512,256,512,14893.203973770142,133.03606752707185,82874.63448010385,6.178006131935563,offline_proxy,vllm,meta-llama/Llama-3.1-8B-Instruct,True,,measured
mixed_70p30d-synthetic_unique-000048,mixed_70p30d,prefill_heavy,2048,64,2048,64,14892.05265045166,509.1080941806828,46965.86258383468,1.3626918889386768,offline_proxy,vllm,meta-llama/Llama-3.1-8B-Instruct,True,,measured
mixed_70p30d-synthetic_unique-000049,mixed_70p30d,decode_heavy,256,512,256,512,14887.242555618286,133.03606752707185,82868.673061952,6.17845056620169,offline_proxy,vllm,meta-llama/Llama-3.1-8B-Instruct,True,,measured
mixed_70p30d-synthetic_unique-000050,mixed_70p30d,prefill_heavy,4096,64,4096,64,16094.734907150269,509.74593814166764,48208.72901007533,1.327560408958809,offline_proxy,vllm,meta-llama/Llama-3.1-8B-Instruct,True,,measured
mixed_70p30d-synthetic_unique-000051,mixed_70p30d,decode_heavy,256,256,256,256,16086.050033569336,231.95433068070926,75234.4043571502,3.4026985683933315,offline_proxy,vllm,meta-llama/Llama-3.1-8B-Instruct,True,,measured
mixed_70p30d-synthetic_unique-000052,mixed_70p30d,prefill_heavy,4096,64,4096,64,16084.89179611206,509.74593814166764,48198.88589903712,1.327831521543085,offline_proxy,vllm,meta-llama/Llama-3.1-8B-Instruct,True,,measured
mixed_70p30d-synthetic_unique-000053,mixed_70p30d,prefill_heavy,4096,64,4096,64,17264.349222183228,511.1849526061662,49469.001236371696,1.2937394813005543,offline_proxy,vllm,meta-llama/Llama-3.1-8B-Instruct,True,,measured
mixed_70p30d-synthetic_unique-000054,mixed_70p30d,prefill_heavy,2048,64,2048,64,17255.77402114868,511.1849526061662,49460.42603533715,1.2939637833745106,offline_proxy,vllm,meta-llama/Llama-3.1-8B-Instruct,True,,measured
mixed_70p30d-synthetic_unique-000055,mixed_70p30d,prefill_heavy,4096,64,4096,64,18466.11452102661,512.2090482359959,50735.28455989435,1.2614495130000956,offline_proxy,vllm,meta-llama/Llama-3.1-8B-Instruct,True,,measured
mixed_70p30d-synthetic_unique-000056,mixed_70p30d,prefill_heavy,2048,64,2048,64,18458.54425430298,512.2090482359959,50727.71429317072,1.2616377633363243,offline_proxy,vllm,meta-llama/Llama-3.1-8B-Instruct,True,,measured
mixed_70p30d-synthetic_unique-000057,mixed_70p30d,prefill_heavy,4096,64,4096,64,18452.537059783936,512.2090482359959,50721.70709865168,1.2617871846371924,offline_proxy,vllm,meta-llama/Llama-3.1-8B-Instruct,True,,measured
mixed_70p30d-synthetic_unique-000058,mixed_70p30d,prefill_heavy,4096,64,4096,64,19641.15834236145,513.5467936698761,51994.606343563646,1.2308969045194529,offline_proxy,vllm,meta-llama/Llama-3.1-8B-Instruct,True,,measured
mixed_70p30d-synthetic_unique-000059,mixed_70p30d,decode_heavy,256,512,256,512,19631.48021697998,123.8460364184705,82916.8048268184,6.17486408297296,offline_proxy,vllm,meta-llama/Llama-3.1-8B-Instruct,True,,measured
mixed_70p30d-synthetic_unique-000060,mixed_70p30d,prefill_heavy,2048,64,2048,64,19630.617380142212,513.5467936698761,51984.06538134441,1.2311464971142438,offline_proxy,vllm,meta-llama/Llama-3.1-8B-Instruct,True,,measured
mixed_70p30d-synthetic_unique-000061,mixed_70p30d,prefill_heavy,2048,64,2048,64,20813.671112060547,514.5763549879784,53231.98147630319,1.2022847586180934,offline_proxy,vllm,meta-llama/Llama-3.1-8B-Instruct,True,,measured
mixed_70p30d-synthetic_unique-000062,mixed_70p30d,prefill_heavy,2048,64,2048,64,20809.836626052856,514.5763549879784,53228.1469902955,1.2023713696377296,offline_proxy,vllm,meta-llama/Llama-3.1-8B-Instruct,True,,measured
mixed_70p30d-synthetic_unique-000063,mixed_70p30d,prefill_heavy,2048,64,2048,64,20805.130004882812,514.5763549879784,53223.440369125456,1.20247769697214,offline_proxy,vllm,meta-llama/Llama-3.1-8B-Instruct,True,,measured
mixed_70p30d-synthetic_unique-000064,mixed_70p30d,decode_heavy,256,512,256,512,20799.74412918091,121.58312789417818,82928.72248310596,6.173976695520704,offline_proxy,vllm,meta-llama/Llama-3.1-8B-Instruct,True,,measured
mixed_70p30d-synthetic_unique-000065,mixed_70p30d,decode_heavy,256,512,256,512,20798.983573913574,121.58312789417818,82927.96192783862,6.174033318768002,offline_proxy,vllm,meta-llama/Llama-3.1-8B-Instruct,True,,measured
mixed_70p30d-synthetic_unique-000066,mixed_70p30d,prefill_heavy,4096,64,4096,64,22012.325763702393,515.1681135600758,54467.91691798717,1.1750036282159528,offline_proxy,vllm,meta-llama/Llama-3.1-8B-Instruct,True,,measured
mixed_70p30d-synthetic_unique-000067,mixed_70p30d,prefill_heavy,2048,64,2048,64,22003.57985496521,515.1681135600758,54459.171009249985,1.1751923287471542,offline_proxy,vllm,meta-llama/Llama-3.1-8B-Instruct,True,,measured
mixed_70p30d-synthetic_unique-000068,mixed_70p30d,prefill_heavy,4096,64,4096,64,21998.48246574402,515.1681135600758,54454.073620028794,1.1753023372793199,offline_proxy,vllm,meta-llama/Llama-3.1-8B-Instruct,True,,measured
mixed_70p30d-synthetic_unique-000069,mixed_70p30d,decode_heavy,256,512,256,512,21990.915536880493,119.25767972216069,82931.5898749046,6.173763227888304,offline_proxy,vllm,meta-llama/Llama-3.1-8B-Instruct,True,,measured
mixed_70p30d-synthetic_unique-000070,mixed_70p30d,prefill_heavy,2048,64,2048,64,23203.42516899109,515.9399418884682,55707.64150796458,1.1488549553987104,offline_proxy,vllm,meta-llama/Llama-3.1-8B-Instruct,True,,measured
mixed_70p30d-synthetic_unique-000071,mixed_70p30d,prefill_heavy,2048,64,2048,64,23197.43037223816,515.9399418884682,55701.64671121165,1.148978598995675,offline_proxy,vllm,meta-llama/Llama-3.1-8B-Instruct,True,,measured
mixed_70p30d-synthetic_unique-000072,mixed_70p30d,prefill_heavy,4096,64,4096,64,23193.260192871094,515.9399418884682,55697.476531844586,1.1490646252781043,offline_proxy,vllm,meta-llama/Llama-3.1-8B-Instruct,True,,measured
mixed_70p30d-synthetic_unique-000073,mixed_70p30d,decode_heavy,256,256,256,256,23184.499502182007,204.4611550264937,75322.0940339379,3.3987371605023884,offline_proxy,vllm,meta-llama/Llama-3.1-8B-Instruct,True,,measured
mixed_70p30d-synthetic_unique-000074,mixed_70p30d,prefill_heavy,2048,64,2048,64,24403.8348197937,516.9051205739379,56968.85741595179,1.1234208110004928,offline_proxy,vllm,meta-llama/Llama-3.1-8B-Instruct,True,,measured
mixed_70p30d-synthetic_unique-000075,mixed_70p30d,prefill_heavy,4096,64,4096,64,24399.479866027832,516.9051205739379,56964.50246218592,1.1235066968676568,offline_proxy,vllm,meta-llama/Llama-3.1-8B-Instruct,True,,measured
mixed_70p30d-synthetic_unique-000076,mixed_70p30d,decode_heavy,256,256,256,256,24391.005516052246,199.80645422440242,75341.65134327486,3.397854910739902,offline_proxy,vllm,meta-llama/Llama-3.1-8B-Instruct,True,,measured
mixed_70p30d-synthetic_unique-000077,mixed_70p30d,prefill_heavy,2048,64,2048,64,24389.81342315674,516.9051205739379,56954.836019314826,1.1236973797676457,offline_proxy,vllm,meta-llama/Llama-3.1-8B-Instruct,True,,measured
mixed_70p30d-synthetic_unique-000078,mixed_70p30d,prefill_heavy,4096,64,4096,64,25612.29109764099,517.2913865748025,58201.64845185354,1.099625211697278,offline_proxy,vllm,meta-llama/Llama-3.1-8B-Instruct,True,,measured
mixed_70p30d-synthetic_unique-000079,mixed_70p30d,prefill_heavy,2048,64,2048,64,25604.71272468567,517.2913865748025,58194.07007889822,1.0997684113386506,offline_proxy,vllm,meta-llama/Llama-3.1-8B-Instruct,True,,measured
mixed_70p30d-synthetic_unique-000080,mixed_70p30d,decode_heavy,256,256,256,256,25598.868370056152,195.11541728587713,75353.29977795482,3.3973296558260975,offline_proxy,vllm,meta-llama/Llama-3.1-8B-Instruct,True,,measured
mixed_70p30d-synthetic_unique-000081,mixed_70p30d,prefill_heavy,2048,64,2048,64,26795.84312438965,518.6168559649516,59468.7050501816,1.0761962942693093,offline_proxy,vllm,meta-llama/Llama-3.1-8B-Instruct,True,,measured
mixed_70p30d-synthetic_unique-000082,mixed_70p30d,prefill_heavy,2048,64,2048,64,26791.935920715332,518.6168559649516,59464.79784650728,1.0762670069979747,offline_proxy,vllm,meta-llama/Llama-3.1-8B-Instruct,True,,measured
mixed_70p30d-synthetic_unique-000083,mixed_70p30d,decode_heavy,256,256,256,256,26788.103342056274,190.55231690187665,75378.94415203482,3.3961738636675958,offline_proxy,vllm,meta-llama/Llama-3.1-8B-Instruct,True,,measured
mixed_70p30d-synthetic_unique-000084,mixed_70p30d,prefill_heavy,2048,64,2048,64,26787.349700927734,518.6168559649516,59460.21162671968,1.0763500204435914,offline_proxy,vllm,meta-llama/Llama-3.1-8B-Instruct,True,,measured
mixed_70p30d-synthetic_unique-000085,mixed_70p30d,decode_heavy,256,256,256,256,26782.607793807983,190.55231690187665,75373.44860378653,3.396421481863036,offline_proxy,vllm,meta-llama/Llama-3.1-8B-Instruct,True,,measured
mixed_70p30d-synthetic_unique-000086,mixed_70p30d,prefill_heavy,2048,64,2048,64,26781.45694732666,518.6168559649516,59454.31887311861,1.07645670176766,offline_proxy,vllm,meta-llama/Llama-3.1-8B-Instruct,True,,measured
mixed_70p30d-synthetic_unique-000087,mixed_70p30d,prefill_heavy,4096,64,4096,64,28041.61262512207,518.5664686640458,60711.30015095696,1.0541694847724523,offline_proxy,vllm,meta-llama/Llama-3.1-8B-Instruct,True,,measured
mixed_70p30d-synthetic_unique-000088,mixed_70p30d,prefill_heavy,4096,64,4096,64,28033.961534500122,518.5664686640458,60703.64906033501,1.0543023523411033,offline_proxy,vllm,meta-llama/Llama-3.1-8B-Instruct,True,,measured
mixed_70p30d-synthetic_unique-000089,mixed_70p30d,prefill_heavy,2048,64,2048,64,29255.857229232788,519.0189660319852,61954.05208924785,1.0330236335115717,offline_proxy,vllm,meta-llama/Llama-3.1-8B-Instruct,True,,measured
mixed_70p30d-synthetic_unique-000090,mixed_70p30d,prefill_heavy,2048,64,2048,64,29251.954317092896,519.0189660319852,61950.14917710796,1.0330887148799557,offline_proxy,vllm,meta-llama/Llama-3.1-8B-Instruct,True,,measured
mixed_70p30d-synthetic_unique-000091,mixed_70p30d,prefill_heavy,2048,64,2048,64,29247.947454452515,519.0189660319852,61946.14231446758,1.0331555381625876,offline_proxy,vllm,meta-llama/Llama-3.1-8B-Instruct,True,,measured
mixed_70p30d-synthetic_unique-000092,mixed_70p30d,prefill_heavy,4096,64,4096,64,30486.928462982178,518.6182769340655,63159.879909828305,1.0133014833367497,offline_proxy,vllm,meta-llama/Llama-3.1-8B-Instruct,True,,measured
mixed_70p30d-synthetic_unique-000093,mixed_70p30d,prefill_heavy,2048,64,2048,64,30478.27959060669,518.6182769340655,63151.23103745282,1.0134402599696561,offline_proxy,vllm,meta-llama/Llama-3.1-8B-Instruct,True,,measured
mixed_70p30d-synthetic_unique-000094,mixed_70p30d,prefill_heavy,2048,64,2048,64,30474.288940429688,518.6182769340655,63147.240387275815,1.0135043052949628,offline_proxy,vllm,meta-llama/Llama-3.1-8B-Instruct,True,,measured
mixed_70p30d-synthetic_unique-000095,mixed_70p30d,prefill_heavy,4096,64,4096,64,31052.72364616394,561.897494268441,66452.26578507572,0.9630973337612444,offline_proxy,vllm,meta-llama/Llama-3.1-8B-Instruct,True,,measured
mixed_70p30d-synthetic_unique-000096,mixed_70p30d,prefill_heavy,2048,64,2048,64,31044.668912887573,593.0258406488787,68405.29687376693,0.9356000620551895,offline_proxy,vllm,meta-llama/Llama-3.1-8B-Instruct,True,,measured
mixed_70p30d-synthetic_unique-000097,mixed_70p30d,prefill_heavy,4096,64,4096,64,34804.11624908447,550.8453476553162,69507.3731513694,0.9207656267001239,offline_proxy,vllm,meta-llama/Llama-3.1-8B-Instruct,True,,measured
mixed_70p30d-synthetic_unique-000098,mixed_70p30d,prefill_heavy,2048,64,2048,64,36038.80047798157,532.1609281476528,69564.9389512837,0.9200036823840122,offline_proxy,vllm,meta-llama/Llama-3.1-8B-Instruct,True,,measured
mixed_70p30d-synthetic_unique-000099,mixed_70p30d,prefill_heavy,4096,64,4096,64,36034.71565246582,532.1609281476528,69560.85412576795,0.9200577078062646,offline_proxy,vllm,meta-llama/Llama-3.1-8B-Instruct,True,,measured
mixed_70p30d-synthetic_unique-000100,mixed_70p30d,decode_heavy,256,512,256,512,36024.77288246155,94.15831646395377,84139.67259554192,6.085119946463019,offline_proxy,vllm,meta-llama/Llama-3.1-8B-Instruct,True,,measured
mixed_70p30d-synthetic_unique-000101,mixed_70p30d,prefill_heavy,2048,64,2048,64,37200.29139518738,518.1525797612728,69843.90392014757,0.916329076810642,offline_proxy,vllm,meta-llama/Llama-3.1-8B-Instruct,True,,measured
mixed_70p30d-synthetic_unique-000102,mixed_70p30d,decode_heavy,256,512,256,512,37196.40278816223,91.91312753356658,84164.01095781475,6.083360264954911,offline_proxy,vllm,meta-llama/Llama-3.1-8B-Instruct,True,,measured
mixed_70p30d-synthetic_unique-000103,mixed_70p30d,decode_heavy,256,512,256,512,37195.556640625,91.91312753356658,84163.16481027752,6.083421424968534,offline_proxy,vllm,meta-llama/Llama-3.1-8B-Instruct,True,,measured
mixed_70p30d-synthetic_unique-000104,mixed_70p30d,decode_heavy,256,512,256,512,37194.80586051941,91.91312753356658,84162.41403017193,6.083475692800943,offline_proxy,vllm,meta-llama/Llama-3.1-8B-Instruct,True,,measured
mixed_70p30d-synthetic_unique-000105,mixed_70p30d,prefill_heavy,2048,64,2048,64,37194.080114364624,518.1525797612728,69837.69263932481,0.9164105740223486,offline_proxy,vllm,meta-llama/Llama-3.1-8B-Instruct,True,,measured
mixed_70p30d-synthetic_unique-000106,mixed_70p30d,prefill_heavy,4096,64,4096,64,37188.30633163452,518.1525797612728,69831.91885659471,0.916486343894244,offline_proxy,vllm,meta-llama/Llama-3.1-8B-Instruct,True,,measured
mixed_70p30d-synthetic_unique-000107,mixed_70p30d,prefill_heavy,4096,64,4096,64,38425.91619491577,499.4202557773817,69889.39230889082,0.9157326725225852,offline_proxy,vllm,meta-llama/Llama-3.1-8B-Instruct,True,,measured
mixed_70p30d-synthetic_unique-000108,mixed_70p30d,decode_heavy,256,512,256,512,38415.88544845581,89.52862802535704,84165.01436941326,6.0832877394014675,offline_proxy,vllm,meta-llama/Llama-3.1-8B-Instruct,True,,measured
mixed_70p30d-synthetic_unique-000109,mixed_70p30d,prefill_heavy,2048,64,2048,64,38415.0927066803,499.4202557773817,69878.56882065535,0.915874510313129,offline_proxy,vllm,meta-llama/Llama-3.1-8B-Instruct,True,,measured
mixed_70p30d-synthetic_unique-000110,mixed_70p30d,prefill_heavy,4096,64,4096,64,39221.482038497925,487.53348737955093,69936.09174340963,0.9151211971468364,offline_proxy,vllm,meta-llama/Llama-3.1-8B-Instruct,True,,measured
mixed_70p30d-synthetic_unique-000111,mixed_70p30d,prefill_heavy,2048,64,2048,64,39212.87512779236,487.53348737955093,69927.48483270407,0.915233833350576,offline_proxy,vllm,meta-llama/Llama-3.1-8B-Instruct,True,,measured
mixed_70p30d-synthetic_unique-000112,mixed_70p30d,prefill_heavy,4096,64,4096,64,40481.1851978302,468.38265111196847,69989.29221788421,0.9144255924286404,offline_proxy,vllm,meta-llama/Llama-3.1-8B-Instruct,True,,measured
mixed_70p30d-synthetic_unique-000113,mixed_70p30d,prefill_heavy,4096,64,4096,64,41714.42437171936,449.5844746318956,70038.24627352878,0.9137864439102759,offline_proxy,vllm,meta-llama/Llama-3.1-8B-Instruct,True,,measured
mixed_70p30d-synthetic_unique-000114,mixed_70p30d,prefill_heavy,2048,64,2048,64,41704.527378082275,449.5844746318956,70028.3492798917,0.9139155878743138,offline_proxy,vllm,meta-llama/Llama-3.1-8B-Instruct,True,,measured
mixed_70p30d-synthetic_unique-000115,mixed_70p30d,prefill_heavy,4096,64,4096,64,41700.634717941284,449.5844746318956,70024.45661975071,0.9139663924496418,offline_proxy,vllm,meta-llama/Llama-3.1-8B-Instruct,True,,measured
mixed_70p30d-synthetic_unique-000116,mixed_70p30d,decode_heavy,256,512,256,512,41690.98091125488,83.17425482817096,84193.02512845024,6.081263848387205,offline_proxy,vllm,meta-llama/Llama-3.1-8B-Instruct,True,,measured
mixed_70p30d-synthetic_unique-000117,mixed_70p30d,decode_heavy,256,512,256,512,41690.13500213623,83.17425482817096,84192.17921933159,6.081324949033251,offline_proxy,vllm,meta-llama/Llama-3.1-8B-Instruct,True,,measured
mixed_70p30d-synthetic_unique-000118,mixed_70p30d,prefill_heavy,4096,64,4096,64,42933.63451957703,430.79624907483185,70073.79821129143,0.9133228344069878,offline_proxy,vllm,meta-llama/Llama-3.1-8B-Instruct,True,,measured
mixed_70p30d-synthetic_unique-000119,mixed_70p30d,decode_heavy,256,256,256,256,42925.95958709717,133.01640080434143,76845.14179220423,3.3313752051137557,offline_proxy,vllm,meta-llama/Llama-3.1-8B-Instruct,True,,measured
mixed_70p30d-synthetic_unique-000120,mixed_70p30d,prefill_heavy,2048,64,2048,64,42925.156354904175,430.79624907483185,70065.32004661858,0.9134333498714775,offline_proxy,vllm,meta-llama/Llama-3.1-8B-Instruct,True,,measured
mixed_70p30d-synthetic_unique-000121,mixed_70p30d,prefill_heavy,2048,64,2048,64,42919.02256011963,430.79624907483185,70059.18625183403,0.9135133224349231,offline_proxy,vllm,meta-llama/Llama-3.1-8B-Instruct,True,,measured
mixed_70p30d-synthetic_unique-000122,mixed_70p30d,prefill_heavy,2048,64,2048,64,44163.54060173035,411.8930679332051,70112.80388152227,0.912814727936829,offline_proxy,vllm,meta-llama/Llama-3.1-8B-Instruct,True,,measured
mixed_70p30d-synthetic_unique-000123,mixed_70p30d,prefill_heavy,4096,64,4096,64,44159.64961051941,411.8930679332051,70108.91289031133,0.9128653884582548,offline_proxy,vllm,meta-llama/Llama-3.1-8B-Instruct,True,,measured
mixed_70p30d-synthetic_unique-000124,mixed_70p30d,decode_heavy,256,256,256,256,44150.166511535645,128.24726457178008,76853.21897733957,3.331025081402023,offline_proxy,vllm,meta-llama/Llama-3.1-8B-Instruct,True,,measured
mixed_70p30d-synthetic_unique-000125,mixed_70p30d,decode_heavy,256,512,256,512,44148.42963218689,78.39970776734695,84210.68030130118,6.079988882266385,offline_proxy,vllm,meta-llama/Llama-3.1-8B-Instruct,True,,measured
mixed_70p30d-synthetic_unique-000126,mixed_70p30d,decode_heavy,256,512,256,512,44147.68409729004,78.39970776734695,84209.93476640433,6.080042710165631,offline_proxy,vllm,meta-llama/Llama-3.1-8B-Instruct,True,,measured
mixed_70p30d-synthetic_unique-000127,mixed_70p30d,prefill_heavy,2048,64,2048,64,44146.98910713196,411.8930679332051,70096.25238692388,0.9130302665358883,offline_proxy,vllm,meta-llama/Llama-3.1-8B-Instruct,True,,measured
mixed_70p30d-synthetic_unique-000128,mixed_70p30d,decode_heavy,256,512,256,512,45356.83250427246,76.07729976665075,84232.332685031,6.0784259877322375,offline_proxy,vllm,meta-llama/Llama-3.1-8B-Instruct,True,,measured
mixed_70p30d-synthetic_unique-000129,mixed_70p30d,prefill_heavy,2048,64,2048,64,45356.077671051025,393.5254890959533,70148.18348409608,0.9123543450631193,offline_proxy,vllm,meta-llama/Llama-3.1-8B-Instruct,True,,measured
mixed_70p30d-synthetic_unique-000130,mixed_70p30d,prefill_heavy,2048,64,2048,64,45352.04362869263,393.5254890959533,70144.14944173768,0.9124068152420742,offline_proxy,vllm,meta-llama/Llama-3.1-8B-Instruct,True,,measured
mixed_70p30d-synthetic_unique-000131,mixed_70p30d,prefill_heavy,2048,64,2048,64,45345.90220451355,393.5254890959533,70138.0080175586,0.9124867074066034,offline_proxy,vllm,meta-llama/Llama-3.1-8B-Instruct,True,,measured
mixed_70p30d-synthetic_unique-000132,mixed_70p30d,prefill_heavy,2048,64,2048,64,46556.129455566406,375.15615993401127,70190.96753140911,0.9117982306108151,offline_proxy,vllm,meta-llama/Llama-3.1-8B-Instruct,True,,measured
mixed_70p30d-synthetic_unique-000133,mixed_70p30d,prefill_heavy,2048,64,2048,64,46552.23560333252,375.15615993401127,70187.07367917523,0.9118488155318127,offline_proxy,vllm,meta-llama/Llama-3.1-8B-Instruct,True,,measured
mixed_70p30d-synthetic_unique-000134,mixed_70p30d,prefill_heavy,2048,64,2048,64,46547.863721847534,375.15615993401127,70182.70179769024,0.911905617205895,offline_proxy,vllm,meta-llama/Llama-3.1-8B-Instruct,True,,measured
mixed_70p30d-synthetic_unique-000135,mixed_70p30d,decode_heavy,256,512,256,512,46542.112827301025,73.75183056697337,84229.29824702442,6.078644968623937,offline_proxy,vllm,meta-llama/Llama-3.1-8B-Instruct,True,,measured
mixed_70p30d-synthetic_unique-000136,mixed_70p30d,prefill_heavy,2048,64,2048,64,46541.33057594299,375.15615993401127,70176.1686517857,0.9119905123000963,offline_proxy,vllm,meta-llama/Llama-3.1-8B-Instruct,True,,measured
mixed_70p30d-synthetic_unique-000137,mixed_70p30d,prefill_heavy,2048,64,2048,64,47786.36121749878,356.209289836919,70227.54647722468,0.9113233084507043,offline_proxy,vllm,meta-llama/Llama-3.1-8B-Instruct,True,,measured
mixed_70p30d-synthetic_unique-000138,mixed_70p30d,prefill_heavy,2048,64,2048,64,47782.27162361145,356.209289836919,70223.45688333735,0.9113763810620087,offline_proxy,vllm,meta-llama/Llama-3.1-8B-Instruct,True,,measured
mixed_70p30d-synthetic_unique-000139,mixed_70p30d,prefill_heavy,4096,64,4096,64,47777.024269104004,356.209289836919,70218.2095288299,0.9114444875402746,offline_proxy,vllm,meta-llama/Llama-3.1-8B-Instruct,True,,measured
mixed_70p30d-synthetic_unique-000140,mixed_70p30d,decode_heavy,256,512,256,512,47768.306255340576,71.36097918000299,84233.7666163221,6.078322513251936,offline_proxy,vllm,meta-llama/Llama-3.1-8B-Instruct,True,,measured
mixed_70p30d-synthetic_unique-000141,mixed_70p30d,prefill_heavy,4096,64,4096,64,49045.38321495056,336.7433563791334,70260.21466683596,0.9108995795626157,offline_proxy,vllm,meta-llama/Llama-3.1-8B-Instruct,True,,measured
mixed_70p30d-synthetic_unique-000142,mixed_70p30d,prefill_heavy,4096,64,4096,64,49035.69746017456,336.7433563791334,70250.52891205996,0.9110251693637152,offline_proxy,vllm,meta-llama/Llama-3.1-8B-Instruct,True,,measured
mixed_70p30d-synthetic_unique-000143,mixed_70p30d,prefill_heavy,4096,64,4096,64,50300.05955696106,317.240804160339,70286.23021906242,0.9105624216938367,offline_proxy,vllm,meta-llama/Llama-3.1-8B-Instruct,True,,measured
mixed_70p30d-synthetic_unique-000144,mixed_70p30d,prefill_heavy,4096,64,4096,64,50284.98458862305,317.240804160339,70271.1552507244,0.910757760729147,offline_proxy,vllm,meta-llama/Llama-3.1-8B-Instruct,True,,measured
mixed_70p30d-synthetic_unique-000145,mixed_70p30d,prefill_heavy,4096,64,4096,64,51553.048849105835,297.69790366232866,70308.01677983254,0.910280262923844,offline_proxy,vllm,meta-llama/Llama-3.1-8B-Instruct,True,,measured
mixed_70p30d-synthetic_unique-000146,mixed_70p30d,decode_heavy,256,512,256,512,51545.49503326416,64.00097208917724,84249.99177083373,6.077151928900815,offline_proxy,vllm,meta-llama/Llama-3.1-8B-Instruct,True,,measured
mixed_70p30d-synthetic_unique-000147,mixed_70p30d,prefill_heavy,4096,64,4096,64,51544.721603393555,297.69790366232866,70299.68953412026,0.9103880888255889,offline_proxy,vllm,meta-llama/Llama-3.1-8B-Instruct,True,,measured
mixed_70p30d-synthetic_unique-000148,mixed_70p30d,decode_heavy,256,256,256,256,51537.12201118469,99.56514251728852,76926.23335309327,3.3278634458150815,offline_proxy,vllm,meta-llama/Llama-3.1-8B-Instruct,True,,measured
mixed_70p30d-synthetic_unique-000149,mixed_70p30d,decode_heavy,256,256,256,256,51536.33379936218,99.56514251728852,76925.44514127076,3.3278975445623407,offline_proxy,vllm,meta-llama/Llama-3.1-8B-Instruct,True,,measured
mixed_70p30d-synthetic_unique-000150,mixed_70p30d,prefill_heavy,2048,64,2048,64,52784.70301628113,278.63608810695865,70338.77656701952,0.9098821890798758,offline_proxy,vllm,meta-llama/Llama-3.1-8B-Instruct,True,,measured
mixed_70p30d-synthetic_unique-000151,mixed_70p30d,prefill_heavy,4096,64,4096,64,52780.82466125488,278.63608810695865,70334.89821199328,0.9099323611317451,offline_proxy,vllm,meta-llama/Llama-3.1-8B-Instruct,True,,measured
mixed_70p30d-synthetic_unique-000152,mixed_70p30d,decode_heavy,256,256,256,256,52773.221015930176,94.79689890080515,76946.43023563549,3.3269899489299646,offline_proxy,vllm,meta-llama/Llama-3.1-8B-Instruct,True,,measured
mixed_70p30d-synthetic_unique-000153,mixed_70p30d,decode_heavy,256,256,256,256,52772.43733406067,94.79689890080515,76945.64655376598,3.3270238339100744,offline_proxy,vllm,meta-llama/Llama-3.1-8B-Instruct,True,,measured
mixed_70p30d-synthetic_unique-000154,mixed_70p30d,decode_heavy,256,256,256,256,52771.71754837036,94.79689890080515,76944.92676807567,3.3270549567436065,offline_proxy,vllm,meta-llama/Llama-3.1-8B-Instruct,True,,measured
mixed_70p30d-synthetic_unique-000155,mixed_70p30d,prefill_heavy,2048,64,2048,64,54026.13067626953,259.47738710850007,70373.20606410503,0.9094370368986814,offline_proxy,vllm,meta-llama/Llama-3.1-8B-Instruct,True,,measured
mixed_70p30d-synthetic_unique-000156,mixed_70p30d,decode_heavy,256,512,256,512,54022.26400375366,59.203862567084116,84275.43777553365,6.075317002371489,offline_proxy,vllm,meta-llama/Llama-3.1-8B-Instruct,True,,measured
mixed_70p30d-synthetic_unique-000157,mixed_70p30d,prefill_heavy,2048,64,2048,64,54021.512508392334,259.47738710850007,70368.58789622784,0.9094967216676345,offline_proxy,vllm,meta-llama/Llama-3.1-8B-Instruct,True,,measured
mixed_70p30d-synthetic_unique-000158,mixed_70p30d,prefill_heavy,4096,64,4096,64,54017.67587661743,259.47738710850007,70364.75126445293,0.9095463118951108,offline_proxy,vllm,meta-llama/Llama-3.1-8B-Instruct,True,,measured
mixed_70p30d-synthetic_unique-000159,mixed_70p30d,decode_heavy,256,512,256,512,54010.13994216919,59.203862567084116,84263.31371394917,6.076191137439711,offline_proxy,vllm,meta-llama/Llama-3.1-8B-Instruct,True,,measured
mixed_70p30d-synthetic_unique-000160,mixed_70p30d,prefill_heavy,2048,64,2048,64,55269.71960067749,240.16781222252618,70400.29177069664,0.9090871414064126,offline_proxy,vllm,meta-llama/Llama-3.1-8B-Instruct,True,,measured
mixed_70p30d-synthetic_unique-000161,mixed_70p30d,prefill_heavy,4096,64,4096,64,55265.85149765015,240.16781222252618,70396.4236676693,0.9091370934144918,offline_proxy,vllm,meta-llama/Llama-3.1-8B-Instruct,True,,measured
mixed_70p30d-synthetic_unique-000162,mixed_70p30d,decode_heavy,256,256,256,256,55258.31699371338,85.18481173680401,76980.4439865984,3.3255199209368977,offline_proxy,vllm,meta-llama/Llama-3.1-8B-Instruct,True,,measured
mixed_70p30d-synthetic_unique-000163,mixed_70p30d,prefill_heavy,4096,64,4096,64,56538.628339767456,220.5307694255478,70432.06681357697,0.9086770116997749,offline_proxy,vllm,meta-llama/Llama-3.1-8B-Instruct,True,,measured
mixed_70p30d-synthetic_unique-000164,mixed_70p30d,prefill_heavy,4096,64,4096,64,56531.102657318115,220.5307694255478,70424.54113112763,0.9087741144217697,offline_proxy,vllm,meta-llama/Llama-3.1-8B-Instruct,True,,measured
mixed_70p30d-synthetic_unique-000165,mixed_70p30d,prefill_heavy,2048,64,2048,64,56523.70500564575,220.5307694255478,70417.14347945526,0.9088695854110085,offline_proxy,vllm,meta-llama/Llama-3.1-8B-Instruct,True,,measured
mixed_70p30d-synthetic_unique-000166,mixed_70p30d,decode_heavy,256,512,256,512,57773.26202392578,51.91978004919602,84304.26962906495,6.073239258851032,offline_proxy,vllm,meta-llama/Llama-3.1-8B-Instruct,True,,measured
mixed_70p30d-synthetic_unique-000167,mixed_70p30d,prefill_heavy,4096,64,4096,64,57772.48930931091,201.32459636541114,70455.93888033181,0.9083691313616995,offline_proxy,vllm,meta-llama/Llama-3.1-8B-Instruct,True,,measured
mixed_70p30d-synthetic_unique-000168,mixed_70p30d,decode_heavy,256,512,256,512,57765.00225067139,51.91978004919602,84296.00985581055,6.073834347269614,offline_proxy,vllm,meta-llama/Llama-3.1-8B-Instruct,True,,measured
mixed_70p30d-synthetic_unique-000169,mixed_70p30d,prefill_heavy,2048,64,2048,64,57764.22142982483,201.32459636541114,70447.67100084573,0.9084757393786896,offline_proxy,vllm,meta-llama/Llama-3.1-8B-Instruct,True,,measured
mixed_70p30d-synthetic_unique-000170,mixed_70p30d,prefill_heavy,4096,64,4096,64,59041.26310348511,181.66597970273523,70486.21982475743,0.9079788951530747,offline_proxy,vllm,meta-llama/Llama-3.1-8B-Instruct,True,,measured
mixed_70p30d-synthetic_unique-000171,mixed_70p30d,decode_heavy,256,256,256,256,59033.79821777344,70.60013171833228,77036.83180594817,3.3230857759681873,offline_proxy,vllm,meta-llama/Llama-3.1-8B-Instruct,True,,measured
mixed_70p30d-synthetic_unique-000172,mixed_70p30d,prefill_heavy,4096,64,4096,64,59033.04886817932,181.66597970273523,70478.00558945164,0.9080847203993355,offline_proxy,vllm,meta-llama/Llama-3.1-8B-Instruct,True,,measured
mixed_70p30d-synthetic_unique-000173,mixed_70p30d,decode_heavy,256,512,256,512,59025.50935745239,49.461051403433665,84300.106624607,6.073539174510942,offline_proxy,vllm,meta-llama/Llama-3.1-8B-Instruct,True,,measured
mixed_70p30d-synthetic_unique-000174,mixed_70p30d,decode_heavy,256,512,256,512,59020.65920829773,49.461051403433665,84295.25647545233,6.073888631551881,offline_proxy,vllm,meta-llama/Llama-3.1-8B-Instruct,True,,measured
mixed_70p30d-synthetic_unique-000175,mixed_70p30d,prefill_heavy,2048,64,2048,64,60287.04619407654,162.28943632265168,70511.2806824036,0.9076561846645268,offline_proxy,vllm,meta-llama/Llama-3.1-8B-Instruct,True,,measured
mixed_70p30d-synthetic_unique-000176,mixed_70p30d,prefill_heavy,4096,64,4096,64,60283.18095207214,162.28943632265168,70507.4154403992,0.9077059427047074,offline_proxy,vllm,meta-llama/Llama-3.1-8B-Instruct,True,,measured
mixed_70p30d-synthetic_unique-000177,mixed_70p30d,prefill_heavy,2048,64,2048,64,60275.71201324463,162.28943632265168,70499.94650157169,0.9078021073189498,offline_proxy,vllm,meta-llama/Llama-3.1-8B-Instruct,True,,measured
mixed_70p30d-synthetic_unique-000178,mixed_70p30d,prefill_heavy,2048,64,2048,64,61532.094955444336,142.87126812315176,70532.9848472029,0.9073768838600061,offline_proxy,vllm,meta-llama/Llama-3.1-8B-Instruct,True,,measured
mixed_70p30d-synthetic_unique-000179,mixed_70p30d,prefill_heavy,2048,64,2048,64,61528.20158004761,142.87126812315176,70529.09147180617,0.907426973245272,offline_proxy,vllm,meta-llama/Llama-3.1-8B-Instruct,True,,measured
mixed_70p30d-synthetic_unique-000180,mixed_70p30d,decode_heavy,256,256,256,256,61524.34968948364,60.95626996830106,77068.19853140041,3.321733281409143,offline_proxy,vllm,meta-llama/Llama-3.1-8B-Instruct,True,,measured
mixed_70p30d-synthetic_unique-000181,mixed_70p30d,decode_heavy,256,256,256,256,61523.59986305237,60.95626996830106,77067.44870496914,3.3217656001566027,offline_proxy,vllm,meta-llama/Llama-3.1-8B-Instruct,True,,measured
mixed_70p30d-synthetic_unique-000182,mixed_70p30d,prefill_heavy,4096,64,4096,64,62736.562967300415,124.16370556734148,70558.87641804293,0.9070439220264322,offline_proxy,vllm,meta-llama/Llama-3.1-8B-Instruct,True,,measured
mixed_70p30d-synthetic_unique-000183,mixed_70p30d,decode_heavy,256,512,256,512,62729.14433479309,42.28098460868613,84334.7274698317,6.071045883004165,offline_proxy,vllm,meta-llama/Llama-3.1-8B-Instruct,True,,measured
mixed_70p30d-synthetic_unique-000184,mixed_70p30d,prefill_heavy,2048,64,2048,64,62728.384494781494,124.16370556734148,70550.697945524,0.9071490695870628,offline_proxy,vllm,meta-llama/Llama-3.1-8B-Instruct,True,,measured
mixed_70p30d-synthetic_unique-000185,mixed_70p30d,decode_heavy,256,256,256,256,62724.257946014404,56.307016798824655,77082.54722971469,3.3211149501467707,offline_proxy,vllm,meta-llama/Llama-3.1-8B-Instruct,True,,measured
mixed_70p30d-synthetic_unique-000186,mixed_70p30d,decode_heavy,256,512,256,512,62723.4902381897,42.28098460868613,84329.07337322831,6.0714529345527355,offline_proxy,vllm,meta-llama/Llama-3.1-8B-Instruct,True,,measured
mixed_70p30d-synthetic_unique-000187,mixed_70p30d,prefill_heavy,2048,64,2048,64,62722.7783203125,124.16370556734148,70545.09177105501,0.9072211601581543,offline_proxy,vllm,meta-llama/Llama-3.1-8B-Instruct,True,,measured
mixed_70p30d-synthetic_unique-000188,mixed_70p30d,prefill_heavy,2048,64,2048,64,62718.93811225891,124.16370556734148,70541.25156300142,0.9072705485362798,offline_proxy,vllm,meta-llama/Llama-3.1-8B-Instruct,True,,measured
mixed_70p30d-synthetic_unique-000189,mixed_70p30d,prefill_heavy,2048,64,2048,64,63980.49712181091,104.66159243018382,70574.1774449125,0.9068472678970428,offline_proxy,vllm,meta-llama/Llama-3.1-8B-Instruct,True,,measured
mixed_70p30d-synthetic_unique-000190,mixed_70p30d,prefill_heavy,4096,64,4096,64,63976.64189338684,104.66159243018382,70570.32221648842,0.9068968085999004,offline_proxy,vllm,meta-llama/Llama-3.1-8B-Instruct,True,,measured
mixed_70p30d-synthetic_unique-000191,mixed_70p30d,prefill_heavy,2048,64,2048,64,63968.97912025452,104.66159243018382,70562.6594433561,0.9069952933304016,offline_proxy,vllm,meta-llama/Llama-3.1-8B-Instruct,True,,measured
mixed_70p30d-synthetic_unique-000192,mixed_70p30d,prefill_heavy,2048,64,2048,64,65242.990493774414,84.99055623357731,70597.39553648978,0.9065490237089585,offline_proxy,vllm,meta-llama/Llama-3.1-8B-Instruct,True,,measured
mixed_70p30d-synthetic_unique-000193,mixed_70p30d,decode_heavy,256,512,256,512,65239.13931846619,37.39918597997576,84350.1233542338,6.06993777412539,offline_proxy,vllm,meta-llama/Llama-3.1-8B-Instruct,True,,measured
mixed_70p30d-synthetic_unique-000194,mixed_70p30d,prefill_heavy,4096,64,4096,64,65238.39592933655,84.99055623357731,70592.80097205192,0.9066080268629368,offline_proxy,vllm,meta-llama/Llama-3.1-8B-Instruct,True,,measured
mixed_70p30d-synthetic_unique-000195,mixed_70p30d,prefill_heavy,4096,64,4096,64,65654.08730506897,80.03990536200858,70696.60134287551,0.9052768985258954,offline_proxy,vllm,meta-llama/Llama-3.1-8B-Instruct,True,,measured
mixed_70p30d-synthetic_unique-000196,mixed_70p30d,decode_heavy,256,256,256,256,65646.48938179016,45.8153858306069,77329.41276859492,3.3105126605069333,offline_proxy,vllm,meta-llama/Llama-3.1-8B-Instruct,True,,measured
mixed_70p30d-synthetic_unique-000197,mixed_70p30d,decode_heavy,256,512,256,512,66644.82069015503,34.97366674532367,84516.36439701542,6.0579983965576325,offline_proxy,vllm,meta-llama/Llama-3.1-8B-Instruct,True,,measured
mixed_70p30d-synthetic_unique-000198,mixed_70p30d,decode_heavy,256,256,256,256,66644.08016204834,42.02066287033114,77359.34919398278,3.309231562407099,offline_proxy,vllm,meta-llama/Llama-3.1-8B-Instruct,True,,measured
mixed_70p30d-synthetic_unique-000199,mixed_70p30d,prefill_heavy,2048,64,2048,64,66643.38040351868,79.28468451820432,71638.31552816555,0.8933766731971462,offline_proxy,vllm,meta-llama/Llama-3.1-8B-Instruct,True,,measured
